1.80E-15,1.01E-05,-2.20E-16,9.14E-06,8.37E-06,7.72E-06,7.17E-06,6.69E-06,4.44E-16,-9.77E-15,0.000635109,-1.86E-15,5.04E-06,4.08E-06,-2.11E-15,-3.02E-14,0.000477542,3.45E-06,1.10E-16,0.000319297,2.66E-06,1.90E-15,0.000240766,2.20E-06,-4.28E-16,2.03E-05,1.86E-06,-1.73E-15,1.68E-05,1.33E-15,1.45E-05,-9.03E-17,1.27E-05,1.96E-15,1.12E-05,-5.51E-14,1.80E-15,1.01E-05,-2.20E-16,9.14E-06,8.37E-06,7.72E-06,7.17E-06,6.69E-06,4.44E-16,-9.77E-15,0.000635109,-1.86E-15,5.04E-06,4.08E-06,-2.11E-15,-3.02E-14,0.000477542,3.45E-06,1.10E-16,0.000319297,2.66E-06,1.90E-15,0.000240766,2.20E-06,-4.28E-16,2.03E-05,1.86E-06,-1.73E-15,1.68E-05,1.33E-15,1.45E-05,-9.03E-17,1.27E-05,1.96E-15,1.12E-05,-5.51E-14,0.000912522,-8.83E-06,0.000833622,-8.07E-06,-7.43E-06,-6.88E-06,-6.40E-06,-5.99E-06,-2.395211796,1.710793106,0.000507207,0.000765193,-4.51E-06,-3.58E-06,-0.037476577,0.51747276,0.000381442,-2.95E-06,-7.11E-15,0.000255007,-2.15E-06,0.002250408,0.000192492,-1.66E-06,0.001823993,-1.73E-05,-1.37E-06,0.00151683,-1.44E-05,0.00129827,-1.24E-05,0.001139443,-1.09E-05,0.001004318,-9.76E-06,2.785222712
-4.38E-19,-0.001236082,-4.08E-19,-0.001127139,-0.001035656,-0.000957031,-0.000888322,-0.000828726,1.85E-32,-3.70E-31,-7.11E-08,-2.25E-19,-0.000617405,-0.000484823,-3.00E-32,-5.79E-31,-9.25E-06,-0.000394838,-5.34E-32,0.08887406,-0.000282423,2.03E-32,0.064191188,-0.000212888,-3.14E-32,-0.002460163,-0.000172773,-2.76E-32,-0.002096895,1.80E-32,-0.001742779,5.68E-33,-0.001525962,1.67E-19,-0.001367923,5.01E-17,-4.38E-19,-0.001236082,-4.08E-19,-0.001127139,-0.001035656,-0.000957031,-0.000888322,-0.000828726,1.85E-32,-3.70E-31,-7.11E-08,-2.25E-19,-0.000617405,-0.000484823,-3.00E-32,-5.79E-31,-9.25E-06,-0.000394838,-5.34E-32,0.08887406,-0.000282423,2.03E-32,0.064191188,-0.000212888,-3.14E-32,-0.002460163,-0.000172773,-2.76E-32,-0.002096895,1.80E-32,-0.001742779,5.68E-33,-0.001525962,1.67E-19,-0.001367923,5.01E-17,-4.25E-17,-0.001281548,-5.58E-17,-0.00117219,-0.00108043,-0.001001584,-0.000932635,-0.000872704,-3.67E-16,-2.56E-16,-3.31E-09,-6.22E-17,-0.000658186,-0.000521926,-1.98E-16,-2.89E-16,-9.54E-06,-0.000428198,-1.43E-16,0.088277159,-0.000310226,-1.06E-16,0.063735456,-0.000237342,-8.54E-17,-0.002515659,-0.000195012,-7.12E-17,-0.00207413,-6.10E-17,-0.001791649,-5.35E-17,-0.001578316,-4.59E-17,-0.001413809,-2.27E-16
-8.12E-20,-0.001142563,1.37E-20,-0.001042077,-0.000957688,-0.000885154,-0.000821761,-0.000766766,-2.96E-31,9.86E-32,-4.57E-08,2.49E-19,-0.000571646,-0.000449107,2.16E-32,2.86E-30,1.41E-07,-0.000365863,9.33E-33,0.059819515,-0.00026182,-1.92E-31,0.064704805,-0.000197454,6.71E-32,-0.002276071,-0.000160341,2.40E-31,-0.001942702,-1.12E-31,-0.001609963,-5.06E-32,-0.001409507,1.98E-19,-0.00126417,1.30E-18,-8.12E-20,-0.001142563,1.37E-20,-0.001042077,-0.000957688,-0.000885154,-0.000821761,-0.000766766,-2.96E-31,9.86E-32,-4.57E-08,2.49E-19,-0.000571646,-0.000449107,2.16E-32,2.86E-30,1.41E-07,-0.000365863,9.33E-33,0.059819515,-0.00026182,-1.92E-31,0.064704805,-0.000197454,6.71E-32,-0.002276071,-0.000160341,2.40E-31,-0.001942702,-1.12E-31,-0.001609963,-5.06E-32,-0.001409507,1.98E-19,-0.00126417,1.30E-18,-1.91E-16,-0.001030478,-1.75E-16,-0.000943405,-0.000870266,-0.000807265,-0.000752043,-0.000703961,-1.71E-15,-2.37E-15,-2.04E-11,-1.60E-16,-0.000531366,-0.000420811,-1.06E-15,-2.18E-15,-5.87E-08,-0.000344429,-6.33E-16,0.059417284,-0.000248181,-4.70E-16,0.064636198,-0.000188488,-3.83E-16,-0.002020694,-0.000154498,-3.17E-16,-0.001660271,-2.72E-16,-0.00143587,-2.38E-16,-0.001266335,-2.10E-16,-0.001135608,-2.55E-15
-5.95E-19,-0.000865557,-4.62E-19,-0.000789273,-0.000725186,-0.000670099,-0.000621957,-0.000580197,8.63E-32,-4.93E-32,6.29E-11,-4.13E-19,-0.000432142,-0.000339235,-5.01E-32,-5.42E-31,-2.72E-08,-0.000276182,-1.55E-32,-0.006456223,-0.00019742,3.04E-32,0.064322826,-0.00014869,-7.54E-33,-0.001737269,-0.000120615,-3.50E-32,-0.001489949,2.51E-32,-0.001220324,1.00E-32,-0.001066949,-3.80E-19,-0.000957884,2.40E-17,-5.95E-19,-0.000865557,-4.62E-19,-0.000789273,-0.000725186,-0.000670099,-0.000621957,-0.000580197,8.63E-32,-4.93E-32,6.29E-11,-4.13E-19,-0.000432142,-0.000339235,-5.01E-32,-5.42E-31,-2.72E-08,-0.000276182,-1.55E-32,-0.006456223,-0.00019742,3.04E-32,0.064322826,-0.00014869,-7.54E-33,-0.001737269,-0.000120615,-3.50E-32,-0.001489949,2.51E-32,-0.001220324,1.00E-32,-0.001066949,-3.80E-19,-0.000957884,2.40E-17,-6.12E-18,-0.000972639,-5.57E-18,-0.000889278,-0.000819366,-0.000759357,-0.000706935,-0.000661406,-4.50E-17,7.80E-17,2.89E-12,-5.11E-18,-0.000498639,-0.000395639,-1.21E-17,4.19E-17,8.32E-09,-0.000324931,-2.07E-17,-0.006465339,-0.000235977,-1.52E-17,0.063705181,-0.000181118,-1.20E-17,-0.00192509,-0.000148972,-1.02E-17,-0.001577311,-8.70E-18,-0.001361809,-7.64E-18,-0.001199047,-6.73E-18,-0.001073534,1.11E-16
-2.46E-19,-0.00077386,-8.28E-20,-0.000705863,-0.00064873,-0.000599619,-0.000556697,-0.000519459,7.40E-32,-4.68E-31,2.83E-11,-2.91E-19,-0.000387324,-0.000304308,-3.08E-32,-1.01E-30,-2.79E-08,-0.000247896,-9.27E-32,0.000348531,-0.000177382,2.04E-32,0.063926947,-0.000133753,-5.97E-32,-0.001556297,-0.000108613,-7.92E-32,-0.001337889,-9.69E-33,-0.001090161,-1.18E-32,-0.000952868,5.93E-20,-0.000856165,3.56E-18,-2.46E-19,-0.00077386,-8.28E-20,-0.000705863,-0.00064873,-0.000599619,-0.000556697,-0.000519459,7.40E-32,-4.68E-31,2.83E-11,-2.91E-19,-0.000387324,-0.000304308,-3.08E-32,-1.01E-30,-2.79E-08,-0.000247896,-9.27E-32,0.000348531,-0.000177382,2.04E-32,0.063926947,-0.000133753,-5.97E-32,-0.001556297,-0.000108613,-7.92E-32,-0.001337889,-9.69E-33,-0.001090161,-1.18E-32,-0.000952868,5.93E-20,-0.000856165,3.56E-18,6.59E-18,-0.000818601,6.02E-18,-0.000748694,-0.000690043,-0.000639655,-0.0005956,-0.000557312,6.96E-17,2.45E-16,-3.98E-14,5.53E-18,-0.000420292,-0.000333312,5.95E-17,1.93E-16,-1.15E-10,-0.0002735,2.14E-17,0.000349781,-0.00019822,1.60E-17,0.06346342,-0.000151721,1.35E-17,-0.001623811,-0.00012468,1.09E-17,-0.0013253,9.38E-18,-0.001144742,8.23E-18,-0.001008342,7.25E-18,-0.00090316,2.91E-16
-5.34E-20,-0.000543972,-3.77E-20,-0.000496026,-0.00045572,-0.000421082,-0.000390824,-0.00036458,-1.73E-31,-7.40E-31,-1.05E-10,-1.01E-19,-0.000271564,-0.00021324,-1.11E-31,-9.86E-31,-2.35E-08,-0.000173669,-2.38E-32,-5.65E-06,-0.000124242,2.79E-32,0.068983246,-9.37E-05,-4.49E-32,-0.00111022,-7.60E-05,-6.15E-32,-0.000968036,1.06E-32,-0.000767029,-5.02E-33,-0.00066832,3.56E-21,-0.000602047,7.09E-18,-5.34E-20,-0.000543972,-3.77E-20,-0.000496026,-0.00045572,-0.000421082,-0.000390824,-0.00036458,-1.73E-31,-7.40E-31,-1.05E-10,-1.01E-19,-0.000271564,-0.00021324,-1.11E-31,-9.86E-31,-2.35E-08,-0.000173669,-2.38E-32,-5.65E-06,-0.000124242,2.79E-32,0.068983246,-9.37E-05,-4.49E-32,-0.00111022,-7.60E-05,-6.15E-32,-0.000968036,1.06E-32,-0.000767029,-5.02E-33,-0.00066832,3.56E-21,-0.000602047,7.09E-18,1.01E-17,-0.000543783,9.26E-18,-0.000497469,-0.0004586,-0.000425185,-0.000395951,-0.000370533,1.02E-16,2.90E-16,2.89E-15,8.50E-18,-0.000279498,-0.00022158,7.92E-17,2.35E-16,8.31E-12,-0.000181707,3.32E-17,-6.46E-06,-0.000131509,2.47E-17,0.068601928,-0.000100474,2.06E-17,-0.001092333,-8.25E-05,1.68E-17,-0.000879242,1.44E-17,-0.00075976,1.27E-17,-0.000669434,1.12E-17,-0.000599779,3.40E-16
-5.60E-20,-0.000576077,-1.10E-19,-0.000525342,-0.000482759,-0.000446151,-0.000414148,-0.000386386,-1.85E-32,-2.96E-31,-6.44E-11,-7.64E-20,-0.000287917,-0.000226091,-3.85E-32,-4.31E-31,-1.45E-08,-0.000184109,-2.93E-32,4.59E-07,-0.000131652,2.14E-33,0.03960113,-9.92E-05,-1.89E-32,-0.00116784,-8.05E-05,-2.19E-32,-0.000985189,-3.30E-33,-0.000811933,2.44E-33,-0.000710531,-4.48E-20,-0.000637573,1.18E-17,-5.60E-20,-0.000576077,-1.10E-19,-0.000525342,-0.000482759,-0.000446151,-0.000414148,-0.000386386,-1.85E-32,-2.96E-31,-6.44E-11,-7.64E-20,-0.000287917,-0.000226091,-3.85E-32,-4.31E-31,-1.45E-08,-0.000184109,-2.93E-32,4.59E-07,-0.000131652,2.14E-33,0.03960113,-9.92E-05,-1.89E-32,-0.00116784,-8.05E-05,-2.19E-32,-0.000985189,-3.30E-33,-0.000811933,2.44E-33,-0.000710531,-4.48E-20,-0.000637573,1.18E-17,-1.95E-17,-0.000588958,-1.78E-17,-0.00053878,-0.00049667,-0.000460472,-0.000428805,-0.000401273,-1.66E-16,-9.95E-17,3.90E-18,-1.64E-17,-0.000302677,-0.000239965,-8.78E-17,-1.19E-16,4.25E-14,-0.000196796,-6.50E-17,-3.30E-08,-0.000142451,-4.82E-17,0.03936171,-0.000108855,-3.89E-17,-0.001178847,-8.94E-05,-3.24E-17,-0.000952579,-2.78E-17,-0.000822948,-2.44E-17,-0.000725089,-2.15E-17,-0.000649629,-8.18E-17
-3.42E-16,-0.001281763,-1.27E-18,-0.001168788,-0.001073972,-0.000992519,-0.000921359,-0.000859649,1.11E-15,5.33E-15,0.089872855,5.52E-16,-0.000640807,-0.000503613,-5.55E-17,1.47E-14,0.067576352,-0.000410499,6.68E-17,0.045183358,-0.000294149,-9.87E-16,0.034100929,-0.000222232,-5.89E-17,-0.002527566,-0.000180582,5.13E-16,-0.00213887,-3.89E-16,-0.001807445,-1.89E-16,-0.001585073,-0.000185827,-0.001418482,2.18E-14,-3.42E-16,-0.001281763,-1.27E-18,-0.001168788,-0.001073972,-0.000992519,-0.000921359,-0.000859649,1.11E-15,5.33E-15,0.089872855,5.52E-16,-0.000640807,-0.000503613,-5.55E-17,1.47E-14,0.067576352,-0.000410499,6.68E-17,0.045183358,-0.000294149,-9.87E-16,0.034100929,-0.000222232,-5.89E-17,-0.002527566,-0.000180582,5.13E-16,-0.00213887,-3.89E-16,-0.001807445,-1.89E-16,-0.001585073,-0.000185827,-0.001418482,2.18E-14,0.158692702,-0.001518991,0.143416137,-0.001388129,-0.001278441,-0.001184411,-0.00110237,-0.001031181,-1.509472376,-4.671517418,0.087838899,0.132565924,-0.000777065,-0.000616979,-0.677155933,-3.729342941,0.066058759,-0.000507342,1.33E-15,0.044162528,-0.000369493,-0.332329979,0.033335863,-0.000284652,-0.265812525,-0.002968527,-0.000234414,0.006958483,-0.002469312,0.216114499,-0.002130489,0.228136038,-0.00187474,0.189050269,-0.00167752,-5.532431057
2.75E-16,-0.002457802,4.27E-17,-0.002241286,-0.002059548,-0.001903384,-0.001766921,-0.001648564,-8.33E-17,-3.61E-16,0.175664132,-2.27E-16,-0.001228767,-0.000965401,-8.67E-18,-8.33E-16,0.132078601,-0.000786605,-1.95E-17,0.088311598,-0.000563186,4.24E-17,0.066650279,-0.000425028,-1.18E-17,-0.004845472,-0.000345197,3.47E-18,-0.004101447,3.23E-17,-0.003465023,2.09E-17,-0.003038865,8.51E-05,-0.002719779,-2.66E-15,2.75E-16,-0.002457802,4.27E-17,-0.002241286,-0.002059548,-0.001903384,-0.001766921,-0.001648564,-8.33E-17,-3.61E-16,0.175664132,-2.27E-16,-0.001228767,-0.000965401,-8.67E-18,-8.33E-16,0.132078601,-0.000786605,-1.95E-17,0.088311598,-0.000563186,4.24E-17,0.066650279,-0.000425028,-1.18E-17,-0.004845472,-0.000345197,3.47E-18,-0.004101447,3.23E-17,-0.003465023,2.09E-17,-0.003038865,8.51E-05,-0.002719779,-2.66E-15,0.311674443,-0.002309257,0.307821504,-0.002113336,-0.00194884,-0.001807291,-0.001683338,-0.001575488,0.139797124,0.369622197,0.175735278,0.277868993,-0.001188806,-0.000941972,0.05366445,0.300804904,0.132160724,-0.000771742,8.33E-17,0.088353941,-0.000557337,0.031991059,0.066685256,-0.000424573,0.021173358,-0.004483278,-0.000348359,-0.000346687,-0.003727635,0.015292914,-0.003222092,0.123897964,-0.00284034,0.245389783,-0.002545974,0.432683206
-4.66E-18,-0.002442687,-3.18E-19,-0.002227559,-0.002046982,-0.001891811,-0.001756212,-0.001638599,-1.91E-17,-3.12E-17,0.174948787,-8.14E-17,-0.001221412,-0.000959638,4.34E-18,6.25E-17,0.131578436,-0.000781901,-2.02E-19,0.087974674,-0.000559796,-1.05E-17,0.066395916,-0.000422443,-5.76E-19,-0.004815162,-0.000343099,1.95E-18,-0.004075968,-4.55E-18,-0.003443435,8.67E-18,-0.003019999,-9.75E-06,-0.002702979,-1.46E-16,-4.66E-18,-0.002442687,-3.18E-19,-0.002227559,-0.002046982,-0.001891811,-0.001756212,-0.001638599,-1.91E-17,-3.12E-17,0.174948787,-8.14E-17,-0.001221412,-0.000959638,4.34E-18,6.25E-17,0.131578436,-0.000781901,-2.02E-19,0.087974674,-0.000559796,-1.05E-17,0.066395916,-0.000422443,-5.76E-19,-0.004815162,-0.000343099,1.95E-18,-0.004075968,-4.55E-18,-0.003443435,8.67E-18,-0.003019999,-9.75E-06,-0.002702979,-1.46E-16,-0.002170399,-0.003026178,0.077112147,-0.00276512,-0.002546335,-0.002358844,-0.00219531,-0.002053443,-0.005715041,-0.027139994,0.170258399,0.165630016,-0.001547226,-0.001228699,-0.003928003,-0.020807005,0.128015269,-0.001010687,-7.98E-17,0.085582563,-0.000736619,-0.001060349,0.064602504,-0.000568032,-0.001454655,-0.00591745,-0.000467926,7.79E-05,-0.004922485,-5.94E-05,-0.004246366,-0.016214997,-0.003736039,-0.022722397,-0.0033425,-0.032899806
-6.51E-19,-0.002365527,2.58E-18,-0.002157069,-0.001982087,-0.001831711,-0.001700295,-0.001586311,2.08E-20,4.28E-20,0.177015579,4.12E-18,-0.001182064,-0.000928433,2.23E-21,-3.71E-20,0.127305584,-0.000756265,-1.28E-21,0.085113312,-0.000541157,2.30E-21,0.064236522,-0.000408114,7.41E-22,-0.004663743,-0.000331317,-5.08E-21,-0.003947786,4.24E-21,-0.003335116,-2.71E-20,-0.002924896,-7.04E-06,-0.002617735,2.82E-17,-6.51E-19,-0.002365527,2.58E-18,-0.002157069,-0.001982087,-0.001831711,-0.001700295,-0.001586311,2.08E-20,4.28E-20,0.177015579,4.12E-18,-0.001182064,-0.000928433,2.23E-21,-3.71E-20,0.127305584,-0.000756265,-1.28E-21,0.085113312,-0.000541157,2.30E-21,0.064236522,-0.000408114,7.41E-22,-0.004663743,-0.000331317,-5.08E-21,-0.003947786,4.24E-21,-0.003335116,-2.71E-20,-0.002924896,-7.04E-06,-0.002617735,2.82E-17,0.000212359,-0.002433176,-0.012300853,-0.002225593,-0.002051413,-0.001901736,-0.001770839,-0.001657059,-7.76E-05,-0.000124416,0.175689256,-0.019307494,-0.001249764,-0.000991001,-1.81E-05,-0.000109856,0.126329019,-0.000812989,4.77E-18,0.084455247,-0.000588922,-1.94E-05,0.063745265,-0.000450478,-7.80E-06,-0.004734798,-0.000370113,-2.36E-07,-0.003937671,-1.23E-05,-0.003401372,-4.19E-05,-0.002996458,0.000926609,-0.002684223,-0.00013805
-3.39E-19,-0.002234048,-3.39E-20,-0.002037344,-0.001872228,-0.00173034,-0.001606347,-0.001498799,-5.08E-21,-2.03E-20,0.116304218,-2.17E-19,-0.001117286,-0.000877868,5.93E-21,7.79E-20,0.126727666,-0.000715292,5.90E-21,0.0847131,-0.000512123,-1.59E-21,0.063932916,-0.000386477,1.84E-21,-0.004405829,-0.000313904,2.75E-21,-0.003731042,-5.51E-21,-0.003149093,-6.46E-21,-0.002761658,1.28E-07,-0.002472048,2.21E-17,-3.39E-19,-0.002234048,-3.39E-20,-0.002037344,-0.001872228,-0.00173034,-0.001606347,-0.001498799,-5.08E-21,-2.03E-20,0.116304218,-2.17E-19,-0.001117286,-0.000877868,5.93E-21,7.79E-20,0.126727666,-0.000715292,5.90E-21,0.0847131,-0.000512123,-1.59E-21,0.063932916,-0.000386477,1.84E-21,-0.004405829,-0.000313904,2.75E-21,-0.003731042,-5.51E-21,-0.003149093,-6.46E-21,-0.002761658,1.28E-07,-0.002472048,2.21E-17,-3.60E-06,-0.002256093,0.00013193,-0.002063786,-0.001902407,-0.001763701,-0.001642373,-0.001536895,-5.21E-06,-2.64E-05,0.115573387,0.000859651,-0.001159222,-0.000919096,-3.82E-06,-2.01E-05,0.125972386,-0.000753837,-1.30E-16,0.084202257,-0.000545799,-9.33E-07,0.06355244,-0.00041721,-1.41E-06,-0.00439111,-0.000342703,7.96E-08,-0.003649632,2.27E-08,-0.003152899,-1.60E-05,-0.002777843,-2.90E-05,-0.002488633,-3.21E-05
-2.60E-19,-0.00196179,1.91E-20,-0.001788905,-0.001643768,-0.001519034,-0.001410024,-0.001315472,1.49E-23,5.13E-23,-0.011651942,7.87E-19,-0.000980153,-0.000769753,-3.34E-24,-1.72E-23,0.133368643,-0.000626935,-9.40E-24,0.085348566,-0.000448504,-5.95E-25,0.064409139,-0.000338136,-1.50E-24,-0.003876039,-0.000274459,-4.96E-24,-0.003286299,1.65E-24,-0.002765874,-3.31E-23,-0.002424793,-7.06E-09,-0.002170965,-5.61E-18,-2.60E-19,-0.00196179,1.91E-20,-0.001788905,-0.001643768,-0.001519034,-0.001410024,-0.001315472,1.49E-23,5.13E-23,-0.011651942,7.87E-19,-0.000980153,-0.000769753,-3.34E-24,-1.72E-23,0.133368643,-0.000626935,-9.40E-24,0.085348566,-0.000448504,-5.95E-25,0.064409139,-0.000338136,-1.50E-24,-0.003876039,-0.000274459,-4.96E-24,-0.003286299,1.65E-24,-0.002765874,-3.31E-23,-0.002424793,-7.06E-09,-0.002170965,-5.61E-18,2.13E-07,-0.001986258,-1.23E-05,-0.001817016,-0.001674987,-0.0015529,-0.0014461,-0.001353246,-7.78E-08,-1.25E-07,-0.011686499,-1.94E-05,-0.001020736,-0.000809259,-1.82E-08,-1.10E-07,0.13261522,-0.000663695,-2.38E-16,0.084823119,-0.000480446,-1.95E-08,0.064017902,-0.000367167,-7.82E-09,-0.003870786,-0.000301575,-2.36E-10,-0.003212543,-1.23E-08,-0.002775445,-4.20E-08,-0.002445396,9.29E-07,-0.002190893,-1.38E-07
6.44E-19,-0.001853757,-1.25E-19,-0.001690621,-0.001553661,-0.001435946,-0.001333063,-0.001243814,-7.00E-30,-1.97E-29,0.00048938,5.68E-20,-0.000927181,-0.000728374,-7.64E-31,-9.27E-30,0.088652595,-0.000593343,-1.03E-30,0.085271761,-0.00042459,-6.47E-31,0.064349972,-0.000320196,-9.24E-31,-0.003663095,-0.000259991,3.94E-31,-0.003107656,-1.58E-30,-0.002612536,6.31E-30,-0.002290365,1.43E-15,-0.002051132,4.78E-17,6.44E-19,-0.001853757,-1.25E-19,-0.001690621,-0.001553661,-0.001435946,-0.001333063,-0.001243814,-7.00E-30,-1.97E-29,0.00048938,5.68E-20,-0.000927181,-0.000728374,-7.64E-31,-9.27E-30,0.088652595,-0.000593343,-1.03E-30,0.085271761,-0.00042459,-6.47E-31,0.064349972,-0.000320196,-9.24E-31,-0.003663095,-0.000259991,3.94E-31,-0.003107656,-1.58E-30,-0.002612536,6.31E-30,-0.002290365,1.43E-15,-0.002051132,4.78E-17,-4.31E-14,-0.001757908,2.49E-12,-0.001608814,-0.00148363,-0.0013759,-0.001281554,-0.001199461,1.48E-14,2.45E-14,0.000493523,3.91E-12,-0.000905095,-0.000717135,3.18E-15,2.15E-14,0.088069312,-0.000587487,-3.46E-16,0.085141482,-0.000424188,3.68E-15,0.064255543,-0.000323055,1.37E-15,-0.003421818,-0.000265041,-1.25E-16,-0.002837185,2.34E-15,-0.002452529,8.35E-15,-0.002162035,-1.88E-13,-0.001938037,2.73E-14
3.94E-19,-0.00157672,-3.79E-21,-0.001437774,-0.001321113,-0.001220846,-0.001133215,-0.001057205,-9.86E-32,-1.68E-30,-3.33E-06,4.90E-20,-0.000787651,-0.000618501,-4.16E-31,-3.85E-30,-0.009542631,-0.000503682,-3.35E-31,0.084874885,-0.000360238,1.53E-31,0.064046694,-0.000271502,-1.84E-31,-0.003124314,-0.000220333,-1.69E-31,-0.002654765,3.54E-32,-0.002222919,-6.16E-32,-0.001947833,-9.42E-18,-0.00174484,2.54E-17,3.94E-19,-0.00157672,-3.79E-21,-0.001437774,-0.001321113,-0.001220846,-0.001133215,-0.001057205,-9.86E-32,-1.68E-30,-3.33E-06,4.90E-20,-0.000787651,-0.000618501,-4.16E-31,-3.85E-30,-0.009542631,-0.000503682,-3.35E-31,0.084874885,-0.000360238,1.53E-31,0.064046694,-0.000271502,-1.84E-31,-0.003124314,-0.000220333,-1.69E-31,-0.002654765,3.54E-32,-0.002222919,-6.16E-32,-0.001947833,-9.42E-18,-0.00174484,2.54E-17,3.36E-16,-0.001554381,-1.67E-14,-0.001422208,-0.001311262,-0.001215846,-0.001132336,-0.001059705,3.42E-16,8.73E-16,-3.32E-06,-2.62E-14,-0.000799461,-0.000633658,2.98E-16,7.18E-16,-0.009555866,-0.000519428,1.53E-16,0.084497769,-0.000375593,8.76E-17,0.063767689,-0.000286608,8.35E-17,-0.003035241,-0.000235292,7.70E-17,-0.002511662,4.95E-17,-0.002170482,1.12E-18,-0.001912823,1.31E-15,-0.00171414,1.01E-15
-6.53E-19,-0.001495082,-8.95E-19,-0.00136351,-0.001253041,-0.001158104,-0.001075138,-0.00100317,7.40E-32,-8.87E-31,4.15E-07,-5.41E-19,-0.000747858,-0.000587588,-2.77E-32,-2.66E-30,0.000518708,-0.000478739,-2.15E-31,0.084992896,-0.000342702,6.68E-32,0.064126195,-0.000258561,-7.76E-32,-0.002963858,-0.000209994,-2.47E-31,-0.002520059,2.58E-32,-0.002107122,-4.93E-32,-0.001846271,9.97E-19,-0.001654294,8.08E-17,-6.53E-19,-0.001495082,-8.95E-19,-0.00136351,-0.001253041,-0.001158104,-0.001075138,-0.00100317,7.40E-32,-8.87E-31,4.15E-07,-5.41E-19,-0.000747858,-0.000587588,-2.77E-32,-2.66E-30,0.000518708,-0.000478739,-2.15E-31,0.084992896,-0.000342702,6.68E-32,0.064126195,-0.000258561,-7.76E-32,-0.002963858,-0.000209994,-2.47E-31,-0.002520059,2.58E-32,-0.002107122,-4.93E-32,-0.001846271,9.97E-19,-0.001654294,8.08E-17,-6.17E-17,-0.001624023,2.59E-15,-0.001485,-0.001368391,-0.001268271,-0.001180783,-0.001104783,-9.27E-17,4.43E-16,5.17E-07,4.08E-15,-0.00083299,-0.000660815,-7.84E-20,2.86E-16,0.000521615,-0.000542551,-5.67E-17,0.084105483,-0.000393745,-3.76E-17,0.063464518,-0.000301921,-3.06E-17,-0.003181576,-0.000248256,-2.76E-17,-0.002632276,-2.10E-17,-0.002272882,-1.19E-17,-0.002001514,-2.15E-16,-0.001792254,5.86E-16
-4.06E-16,2.23E-05,1.25E-15,2.05E-05,1.89E-05,1.75E-05,1.62E-05,1.51E-05,9.77E-15,1.42E-14,-0.00528435,3.27E-15,1.11E-05,8.43E-06,9.49E-15,6.57E-14,-0.003973333,6.53E-06,1.10E-15,-0.002656676,4.16E-06,-2.98E-15,-0.00200446,2.62E-06,2.17E-15,4.27E-05,1.93E-06,3.49E-15,3.74E-05,-9.78E-16,3.06E-05,3.94E-16,2.70E-05,-2.71E-07,2.45E-05,9.41E-14,-4.06E-16,2.23E-05,1.25E-15,2.05E-05,1.89E-05,1.75E-05,1.62E-05,1.51E-05,9.77E-15,1.42E-14,-0.00528435,3.27E-15,1.11E-05,8.43E-06,9.49E-15,6.57E-14,-0.003973333,6.53E-06,1.10E-15,-0.002656676,4.16E-06,-2.98E-15,-0.00200446,2.62E-06,2.17E-15,4.27E-05,1.93E-06,3.49E-15,3.74E-05,-9.78E-16,3.06E-05,3.94E-16,2.70E-05,-2.71E-07,2.45E-05,9.41E-14,-0.008722391,8.43E-05,-0.007968221,7.70E-05,7.09E-05,6.57E-05,6.12E-05,5.72E-05,-0.816445189,-11.59341124,-0.004848162,-0.007314137,4.31E-05,3.42E-05,-1.67075066,-8.430832275,-0.003646033,2.82E-05,1.24E-14,-0.002437497,2.05E-05,-0.007051723,-0.001839938,1.58E-05,-0.03749301,0.000164861,1.30E-05,-0.013617195,0.000137119,-0.012417881,0.000118287,-0.010880553,0.000104072,-0.00960034,9.31E-05,-14.4574751
1.98E-16,-0.001965086,-1.02E-15,-0.001792114,-0.001646898,-0.001522066,-0.001412941,-0.001318273,-2.66E-15,-2.66E-14,0.144661805,-3.43E-15,-0.000982417,-0.000771476,-3.50E-15,-4.80E-14,0.108772027,-0.000628207,-2.24E-15,0.072727884,-0.00044918,2.28E-15,0.054888323,-0.000338396,2.86E-16,-0.003872664,-0.000274613,-2.51E-15,-0.003279435,5.59E-16,-0.002769426,5.12E-16,-0.002428998,0.000117649,-0.002174319,7.64E-14,1.98E-16,-0.001965086,-1.02E-15,-0.001792114,-0.001646898,-0.001522066,-0.001412941,-0.001318273,-2.66E-15,-2.66E-14,0.144661805,-3.43E-15,-0.000982417,-0.000771476,-3.50E-15,-4.80E-14,0.108772027,-0.000628207,-2.24E-15,0.072727884,-0.00044918,2.28E-15,0.054888323,-0.000338396,2.86E-16,-0.003872664,-0.000274613,-2.51E-15,-0.003279435,5.59E-16,-0.002769426,5.12E-16,-0.002428998,0.000117649,-0.002174319,7.64E-14,0.252784538,-0.002480613,0.230927854,-0.002266681,-0.002087386,-0.001933725,-0.001799689,-0.001683405,2.925257299,12.54887109,0.140505082,0.211971757,-0.001268443,-0.00100727,1.817168615,9.700213909,0.105666072,-0.00082849,-1.78E-15,0.070641364,-0.000603733,0.56939768,0.053323856,-0.000465463,0.688356172,-0.004850054,-0.000383408,0.515324615,-0.004034505,0.363249861,-0.003480475,0.310927685,-0.003062297,0.278435633,-0.002739819,15.14185348
7.70E-34,-6.51E-25,3.85E-34,-5.91E-25,-5.42E-25,-5.00E-25,-4.65E-25,-4.34E-25,7.70E-33,6.03E-32,-4.30E-24,-1.93E-34,-3.25E-25,-2.59E-25,-1.54E-33,-1.23E-32,-3.23E-24,-2.16E-25,2.31E-33,-2.16E-24,-1.62E-25,3.85E-34,-1.62E-24,-1.29E-25,-3.85E-34,-1.30E-24,-1.08E-25,-7.70E-34,-1.08E-24,7.70E-34,-9.28E-25,-1.93E-34,-8.12E-25,9.28E-34,-7.22E-25,-1.05E-16,7.70E-34,-6.51E-25,3.85E-34,-5.91E-25,-5.42E-25,-5.00E-25,-4.65E-25,-4.34E-25,7.70E-33,6.03E-32,-4.30E-24,-1.93E-34,-3.25E-25,-2.59E-25,-1.54E-33,-1.23E-32,-3.23E-24,-2.16E-25,2.31E-33,-2.16E-24,-1.62E-25,3.85E-34,-1.62E-24,-1.29E-25,-3.85E-34,-1.30E-24,-1.08E-25,-7.70E-34,-1.08E-24,7.70E-34,-9.28E-25,-1.93E-34,-8.12E-25,9.28E-34,-7.22E-25,-1.05E-16,-3.65E-48,-8.59E-28,-3.33E-48,5.18E-29,-4.78E-28,-7.75E-28,-8.27E-28,-8.19E-28,-3.22E-47,-3.60E-47,1.87E-46,-3.06E-48,-6.07E-28,1.81E-28,-1.89E-47,-3.49E-47,5.44E-43,-1.20E-29,-1.21E-47,-4.23E-37,-1.40E-28,-8.99E-48,3.28E-31,9.83E-29,-7.30E-48,-6.52E-29,7.14E-29,-6.06E-48,-3.32E-28,-5.19E-48,-1.87E-28,-4.56E-48,-3.40E-28,-4.01E-48,-6.24E-28,-3.70E-47
6.56E-46,-2.99E-28,2.31E-45,5.30E-30,-2.57E-28,-2.90E-28,-1.45E-28,2.24E-29,-3.90E-59,-3.40E-58,1.66E-43,-8.00E-46,1.38E-29,1.04E-29,1.51E-59,9.40E-59,-6.71E-42,8.98E-30,-8.57E-60,-1.88E-39,-1.40E-28,-1.06E-60,1.50E-37,3.59E-29,2.29E-60,5.44E-36,2.13E-29,2.64E-60,8.37E-32,-4.21E-60,-2.59E-33,8.26E-61,-7.99E-31,1.61E-45,-1.94E-30,6.25E-43,6.56E-46,-2.99E-28,2.31E-45,5.30E-30,-2.57E-28,-2.90E-28,-1.45E-28,2.24E-29,-3.90E-59,-3.40E-58,1.66E-43,-8.00E-46,1.38E-29,1.04E-29,1.51E-59,9.40E-59,-6.71E-42,8.98E-30,-8.57E-60,-1.88E-39,-1.40E-28,-1.06E-60,1.50E-37,3.59E-29,2.29E-60,5.44E-36,2.13E-29,2.64E-60,8.37E-32,-4.21E-60,-2.59E-33,8.26E-61,-7.99E-31,1.61E-45,-1.94E-30,6.25E-43,3.35E-55,-2.97E-28,3.06E-55,7.20E-30,-2.56E-28,-2.91E-28,-1.46E-28,2.14E-29,3.17E-54,6.73E-54,3.54E-53,2.81E-55,1.33E-29,1.06E-29,2.22E-54,5.68E-54,1.01E-49,8.70E-30,1.10E-54,-7.87E-44,-1.43E-28,8.21E-55,2.78E-38,3.26E-29,6.76E-55,-1.21E-35,1.72E-29,5.56E-55,-2.80E-34,4.77E-55,1.03E-34,4.18E-55,1.38E-32,3.69E-55,-2.23E-31,7.67E-54
1.02E-16,-1.13295379,-1.74E-16,-1.022386737,-0.7345659,-0.413326383,-0.121945961,0.095576701,-2.14E-30,-1.27E-29,8.04E-14,-3.20E-16,0.066253237,-0.073419361,-9.58E-32,7.76E-31,-3.46E-12,0.061626323,-3.52E-31,-9.17E-10,0.558138688,-2.91E-31,7.69E-08,0.842881917,-4.40E-33,2.65E-06,1.040934118,-4.11E-32,0.041226707,-3.02E-31,-0.001274354,-8.40E-32,-0.387702181,-3.74E-16,-0.825049344,2.17E-14,1.02E-16,-1.13295379,-1.74E-16,-1.022386737,-0.7345659,-0.413326383,-0.121945961,0.095576701,-2.14E-30,-1.27E-29,8.04E-14,-3.20E-16,0.066253237,-0.073419361,-9.58E-32,7.76E-31,-3.46E-12,0.061626323,-3.52E-31,-9.17E-10,0.558138688,-2.91E-31,7.69E-08,0.842881917,-4.40E-33,2.65E-06,1.040934118,-4.11E-32,0.041226707,-3.02E-31,-0.001274354,-8.40E-32,-0.387702181,-3.74E-16,-0.825049344,2.17E-14,8.49E-26,0.001989354,7.76E-26,0.000305651,-0.001430368,-0.0026564,-0.003444514,-0.003872059,8.39E-25,2.25E-24,1.74E-23,7.12E-26,-0.002279746,-0.001497041,6.39E-25,1.84E-24,4.98E-20,-0.001998245,2.78E-25,-3.87E-14,-0.011253246,2.07E-25,1.37E-08,-0.030021067,1.72E-25,-5.97E-06,-0.034285895,1.41E-25,-0.000137752,1.21E-25,0.000147125,1.06E-25,0.001436729,9.34E-26,0.002234843,2.63E-24
-3.12E-17,-0.001991482,2.38E-17,-0.265592715,-0.586450132,-0.884136764,-1.103982629,-1.178112369,5.61E-31,3.73E-30,4.60E-16,8.24E-17,0.13685608,0.861407095,-1.49E-31,-7.50E-31,3.59E-14,-0.028523749,1.82E-31,-4.45E-12,-2.785514321,1.14E-31,-6.20E-10,-4.370498226,-1.22E-32,1.30E-08,-5.466600333,-2.71E-32,8.96E-05,1.06E-31,1.62E-05,1.17E-32,0.029831308,1.05E-16,0.046640278,-8.33E-15,-3.12E-17,-0.001991482,2.38E-17,-0.265592715,-0.586450132,-0.884136764,-1.103982629,-1.178112369,5.61E-31,3.73E-30,4.60E-16,8.24E-17,0.13685608,0.861407095,-1.49E-31,-7.50E-31,3.59E-14,-0.028523749,1.82E-31,-4.45E-12,-2.785514321,1.14E-31,-6.20E-10,-4.370498226,-1.22E-32,1.30E-08,-5.466600333,-2.71E-32,8.96E-05,1.06E-31,1.62E-05,1.17E-32,0.029831308,1.05E-16,0.046640278,-8.33E-15,5.22E-28,0.000167995,4.77E-28,0.001029711,0.001645006,0.001933689,0.001924123,0.001608247,4.89E-27,9.55E-27,4.06E-26,4.38E-28,-0.00389254,-0.009083342,3.32E-27,8.18E-27,1.16E-22,-0.008589892,1.72E-27,-9.03E-17,0.037667615,1.28E-27,1.56E-10,0.134953443,1.05E-27,-1.39E-08,0.160195255,8.68E-28,4.95E-07,7.43E-28,-7.08E-06,6.52E-28,-0.000100309,5.75E-28,-9.90E-05,1.08E-26
6.25E-18,0.001910203,5.71E-18,0.00174163,0.001600277,0.001478978,0.001373098,0.001281331,1.93E-32,2.48E-31,-1.037164485,-2.68E-20,0.000955968,0.000752499,-1.21E-32,-6.09E-32,0.011540392,0.000614498,2.71E-33,0.005798475,0.000442019,3.34E-33,0.00437917,0.000335604,-4.46E-33,0.003730485,0.000273384,-2.00E-33,0.003129314,2.46E-33,0.002695404,5.95E-34,0.002367598,6.76E-18,0.002114282,-5.24E-16,6.25E-18,0.001910203,5.71E-18,0.00174163,0.001600277,0.001478978,0.001373098,0.001281331,1.93E-32,2.48E-31,-1.037164485,-2.68E-20,0.000955968,0.000752499,-1.21E-32,-6.09E-32,0.011540392,0.000614498,2.71E-33,0.005798475,0.000442019,3.34E-33,0.00437917,0.000335604,-4.46E-33,0.003730485,0.000273384,-2.00E-33,0.003129314,2.46E-33,0.002695404,5.95E-34,0.002367598,6.76E-18,0.002114282,-5.24E-16,-4.64E-24,0.00017783,-4.24E-24,0.000171413,0.000165219,0.000158332,0.000150996,0.000143769,-4.46E-23,-1.04E-22,-6.51E-22,-3.89E-24,0.000112959,8.40E-05,-3.22E-23,-8.63E-23,-1.87E-18,6.07E-05,-1.53E-23,1.45E-12,3.03E-05,-1.14E-23,-1.27E-06,9.24E-06,-9.38E-24,0.000223863,3.83E-06,-7.70E-24,0.000211589,-6.60E-24,0.00019994,-5.79E-24,0.000190773,-5.10E-24,0.000183769,-1.19E-22
1.94E-15,5.99E-05,2.38E-15,0.046258029,0.088916764,0.111970515,0.09265111,-0.008290672,2.76E-29,2.47E-28,7.87E-16,1.06E-15,-1.272916045,-1.421020748,-4.04E-30,-3.90E-29,9.32E-16,0.326303892,9.49E-30,4.00E-14,4.498567267,7.10E-30,-1.02E-11,6.893676413,3.49E-31,-1.15E-10,8.555723367,-1.56E-30,-2.57E-06,6.10E-30,2.19E-07,1.20E-30,0.000429911,6.49E-16,-0.002119291,-4.68E-13,1.94E-15,5.99E-05,2.38E-15,0.046258029,0.088916764,0.111970515,0.09265111,-0.008290672,2.76E-29,2.47E-28,7.87E-16,1.06E-15,-1.272916045,-1.421020748,-4.04E-30,-3.90E-29,9.32E-16,0.326303892,9.49E-30,4.00E-14,4.498567267,7.10E-30,-1.02E-11,6.893676413,3.49E-31,-1.15E-10,8.555723367,-1.56E-30,-2.57E-06,6.10E-30,2.19E-07,1.20E-30,0.000429911,6.49E-16,-0.002119291,-4.68E-13,1.63E-29,-1.29E-05,1.49E-29,-0.000166611,-0.00022295,-0.000149819,5.87E-05,0.000417297,1.43E-28,1.47E-28,-1.05E-27,1.36E-29,0.004484257,0.009931773,8.22E-29,1.45E-28,-3.05E-24,0.004743425,5.41E-29,2.37E-18,-0.072272403,4.01E-29,7.31E-14,-0.227182135,3.25E-29,3.65E-10,-0.264924264,2.71E-29,1.44E-08,2.32E-29,-5.35E-08,2.03E-29,-2.01E-06,1.79E-29,8.43E-06,1.48E-28
3.77E-18,0.004688119,8.13E-18,0.004275135,0.003928582,0.003630706,0.003370308,0.003144426,2.60E-32,2.02E-31,-0.001358309,6.34E-18,0.00234311,0.001840007,-2.33E-32,-1.16E-31,-1.046850326,0.001498385,1.46E-33,0.016876955,0.001071535,-5.62E-33,0.012045635,0.000807432,-7.64E-33,0.009134457,0.000655272,-9.89E-33,0.007669479,-2.47E-33,0.006608527,-6.88E-33,0.005807033,-1.04E-17,0.00518752,-6.36E-16,3.77E-18,0.004688119,8.13E-18,0.004275135,0.003928582,0.003630706,0.003370308,0.003144426,2.60E-32,2.02E-31,-0.001358309,6.34E-18,0.00234311,0.001840007,-2.33E-32,-1.16E-31,-1.046850326,0.001498385,1.46E-33,0.016876955,0.001071535,-5.62E-33,0.012045635,0.000807432,-7.64E-33,0.009134457,0.000655272,-9.89E-33,0.007669479,-2.47E-33,0.006608527,-6.88E-33,0.005807033,-1.04E-17,0.00518752,-6.36E-16,-8.47E-24,-7.35E-05,-7.73E-24,-4.01E-05,-1.46E-05,2.50E-06,1.34E-05,2.02E-05,-7.03E-23,-1.59E-23,1.47E-21,-7.10E-24,2.92E-05,6.00E-06,-3.42E-23,-3.19E-23,4.26E-18,-2.05E-05,-2.83E-23,-3.31E-12,-5.71E-05,-2.09E-23,2.91E-06,-8.69E-05,-1.68E-23,-0.000509954,-8.30E-05,-1.41E-23,-0.000355036,-1.20E-23,-0.000253445,-1.06E-23,-0.000177929,-9.32E-24,-0.0001195,-1.49E-24
1.02E-14,3.48E-07,7.54E-16,0.000112588,0.000502006,-0.001071599,-0.003063226,0.000102197,1.26E-29,8.67E-29,6.51E-15,7.13E-15,-0.002711431,-0.426029169,-4.77E-30,-2.53E-29,1.48E-15,-1.404273456,3.14E-30,1.73E-15,-3.29020165,7.74E-31,4.85E-14,-4.361518092,-8.01E-31,-1.67E-12,-5.118663656,-9.85E-33,-1.54E-08,1.96E-30,-1.30E-09,-4.02E-31,-2.33E-06,5.63E-15,-9.70E-06,-1.97E-13,1.02E-14,3.48E-07,7.54E-16,0.000112588,0.000502006,-0.001071599,-0.003063226,0.000102197,1.26E-29,8.67E-29,6.51E-15,7.13E-15,-0.002711431,-0.426029169,-4.77E-30,-2.53E-29,1.48E-15,-1.404273456,3.14E-30,1.73E-15,-3.29020165,7.74E-31,4.85E-14,-4.361518092,-8.01E-31,-1.67E-12,-5.118663656,-9.85E-33,-1.54E-08,1.96E-30,-1.30E-09,-4.02E-31,-2.33E-06,5.63E-15,-9.70E-06,-1.97E-13,9.11E-32,-4.62E-08,8.32E-32,-4.15E-07,-1.63E-06,-5.18E-06,-4.15E-06,-8.08E-06,7.95E-31,7.70E-31,-6.66E-30,7.64E-32,7.21E-05,0.002664823,4.53E-31,7.77E-31,-1.93E-26,0.013097027,3.03E-31,1.50E-20,0.064336695,2.25E-31,-1.69E-14,0.15536521,1.82E-31,2.32E-12,0.173182449,1.51E-31,-2.28E-11,1.30E-31,6.59E-10,1.14E-31,6.62E-09,1.00E-31,2.91E-08,7.64E-31
1.51E-17,0.008532162,-3.72E-18,0.007778167,0.00714887,0.006607804,0.006134005,0.005723154,2.32E-31,1.45E-30,9.70E-05,2.15E-17,0.004265407,0.003350488,3.26E-33,-2.18E-31,-0.000443317,0.002729298,3.72E-32,-1.054171434,0.001953123,3.94E-32,0.022744999,0.001473022,4.31E-33,0.016495198,0.001195994,5.79E-33,0.0137098,3.48E-32,0.012029667,1.94E-33,0.01060104,2.22E-17,0.009453022,-2.45E-15,1.51E-17,0.008532162,-3.72E-18,0.007778167,0.00714887,0.006607804,0.006134005,0.005723154,2.32E-31,1.45E-30,9.70E-05,2.15E-17,0.004265407,0.003350488,3.26E-33,-2.18E-31,-0.000443317,0.002729298,3.72E-32,-1.054171434,0.001953123,3.94E-32,0.022744999,0.001473022,4.31E-33,0.016495198,0.001195994,5.79E-33,0.0137098,3.48E-32,0.012029667,1.94E-33,0.01060104,2.22E-17,0.009453022,-2.45E-15,-9.53E-25,-9.69E-05,-8.71E-25,-4.00E-05,3.20E-06,3.17E-05,4.93E-05,5.98E-05,9.69E-25,1.36E-22,2.29E-21,-7.99E-25,7.03E-05,2.49E-05,1.57E-23,9.66E-23,6.59E-18,-2.51E-05,-3.53E-24,-5.12E-12,-9.40E-05,-2.53E-24,4.50E-06,-0.000149306,-1.65E-24,-0.000789802,-0.000143493,-1.60E-24,-0.000583455,-1.36E-24,-0.000405864,-1.19E-24,-0.000276262,-1.05E-24,-0.000175887,1.72E-22
-1.85E-17,0.009217128,-7.97E-18,0.008544428,0.007807295,0.007168467,0.006639901,0.006176218,-1.83E-31,-1.68E-30,2.28E-07,-2.29E-17,0.004603238,0.003616971,2.74E-33,1.07E-31,5.13E-05,0.00294537,-1.04E-31,-0.001749722,0.002103429,-4.20E-32,-1.069247491,0.001582842,-8.10E-33,0.024023249,0.001282153,1.67E-32,0.180777983,-2.45E-32,0.01251581,-5.14E-33,-0.000938834,-2.97E-17,0.010190179,2.73E-15,-1.85E-17,0.009217128,-7.97E-18,0.008544428,0.007807295,0.007168467,0.006639901,0.006176218,-1.83E-31,-1.68E-30,2.28E-07,-2.29E-17,0.004603238,0.003616971,2.74E-33,1.07E-31,5.13E-05,0.00294537,-1.04E-31,-0.001749722,0.002103429,-4.20E-32,-1.069247491,0.001582842,-8.10E-33,0.024023249,0.001282153,1.67E-32,0.180777983,-2.45E-32,0.01251581,-5.14E-33,-0.000938834,-2.97E-17,0.010190179,2.73E-15,-5.27E-23,-5.97E-05,-4.82E-23,-2.50E-06,4.11E-05,6.92E-05,8.58E-05,9.51E-05,-4.57E-22,-3.94E-22,4.64E-21,-4.42E-23,9.87E-05,4.52E-05,-2.55E-22,-4.13E-22,1.35E-17,-1.19E-05,-1.75E-22,-1.05E-11,-8.99E-05,-1.30E-22,9.19E-06,-0.000151717,-1.05E-22,-0.001612379,-0.00014693,-8.77E-23,-0.001186315,-7.50E-23,-0.00028738,-6.58E-23,-0.000196813,-5.80E-23,-0.000137384,-3.78E-22
-8.47E-17,0.021801364,1.73E-17,0.006261446,0.013055327,0.017305736,0.015748176,0.01506539,-6.11E-31,-4.26E-30,-1.15E-08,-8.85E-18,0.011223719,0.008743662,1.04E-31,1.56E-31,1.34E-07,0.007190899,-1.55E-31,0.000125866,0.005437459,-4.72E-32,-0.001687677,0.004339937,1.11E-32,-1.082949004,0.003726424,3.95E-32,-0.702988071,-9.07E-32,0.0377833,1.34E-32,0.159671782,-3.10E-18,0.096782232,8.97E-15,-8.47E-17,0.021801364,1.73E-17,0.006261446,0.013055327,0.017305736,0.015748176,0.01506539,-6.11E-31,-4.26E-30,-1.15E-08,-8.85E-18,0.011223719,0.008743662,1.04E-31,1.56E-31,1.34E-07,0.007190899,-1.55E-31,0.000125866,0.005437459,-4.72E-32,-0.001687677,0.004339937,1.11E-32,-1.082949004,0.003726424,3.95E-32,-0.702988071,-9.07E-32,0.0377833,1.34E-32,0.159671782,-3.10E-18,0.096782232,8.97E-15,-5.19E-24,-0.000171816,-4.74E-24,-2.20E-05,4.15E-05,9.26E-05,0.000136424,0.000168466,-9.04E-23,-7.47E-22,-1.04E-20,-4.35E-24,0.000193835,7.27E-05,-1.25E-22,-5.54E-22,-3.00E-17,-6.08E-05,-1.55E-23,2.33E-11,-0.000249363,-1.19E-23,-2.08E-05,-0.00040688,-1.16E-23,0.003595666,-0.000394636,-8.57E-24,0.00082993,-7.38E-24,-0.00168214,-6.47E-24,-0.001366868,-5.71E-24,-0.000695986,-9.22E-22
9.29E-17,0.060217284,1.02E-17,0.184580675,0.169729484,0.122270186,0.075300593,0.031935431,1.75E-31,1.17E-29,-1.28E-11,5.90E-17,0.024028391,0.020311034,-1.05E-30,-3.81E-30,-1.80E-09,0.015155571,-7.84E-32,1.13E-07,0.005023741,-1.59E-31,3.75E-05,-0.000989786,-3.20E-31,-0.000310443,-0.004842217,-3.41E-31,-0.57292187,5.86E-32,-1.099277132,-5.00E-32,-0.848717037,4.70E-17,-0.371734894,-3.01E-14,9.29E-17,0.060217284,1.02E-17,0.184580675,0.169729484,0.122270186,0.075300593,0.031935431,1.75E-31,1.17E-29,-1.28E-11,5.90E-17,0.024028391,0.020311034,-1.05E-30,-3.81E-30,-1.80E-09,0.015155571,-7.84E-32,1.13E-07,0.005023741,-1.59E-31,3.75E-05,-0.000989786,-3.20E-31,-0.000310443,-0.004842217,-3.41E-31,-0.57292187,5.86E-32,-1.099277132,-5.00E-32,-0.848717037,4.70E-17,-0.371734894,-3.01E-14,-6.10E-25,-0.002259584,-5.57E-25,-0.001956605,-0.001318168,-0.000808621,-0.000431097,-0.0001539,-7.00E-24,-3.12E-23,-3.56E-22,-5.12E-25,6.49E-06,-0.000180044,-6.72E-24,-2.41E-23,-1.02E-18,-0.000407727,-1.96E-24,7.96E-13,-0.000631358,-1.47E-24,-3.90E-07,-0.00069695,-1.26E-24,0.000122749,-0.000586463,-1.01E-24,0.002125713,-8.68E-25,0.003023476,-7.62E-25,0.000957299,-6.71E-25,-0.001104447,-3.77E-23
-2.47E-18,-1.81E-06,1.23E-18,-1.65E-06,-1.51E-06,-1.39E-06,-1.29E-06,-1.21E-06,0,0,-1.20E-05,-2.47E-18,-9.05E-07,-7.23E-07,0,0,-9.00E-06,-6.02E-07,0,-6.02E-06,-4.51E-07,0,-4.52E-06,-3.60E-07,0,-3.62E-06,-3.00E-07,0,-3.01E-06,0,-2.58E-06,0,-2.26E-06,-2.23E-05,-2.01E-06,2.52E-16,-2.47E-18,-1.81E-06,1.23E-18,-1.65E-06,-1.51E-06,-1.39E-06,-1.29E-06,-1.21E-06,0,0,-1.20E-05,-2.47E-18,-9.05E-07,-7.23E-07,0,0,-9.00E-06,-6.02E-07,0,-6.02E-06,-4.51E-07,0,-4.52E-06,-3.60E-07,0,-3.62E-06,-3.00E-07,0,-3.01E-06,0,-2.58E-06,0,-2.26E-06,-2.23E-05,-2.01E-06,2.52E-16,0,-2.01E-09,0,-2.09E-09,-2.14E-09,-2.14E-09,-2.10E-09,-2.03E-09,0,0,0,0,-1.67E-09,-1.16E-09,0,0,0,-7.10E-10,0,7.56E-16,-1.13E-10,0,1.95E-12,3.23E-10,0,-3.61E-10,3.75E-10,0,-9.99E-10,0,-1.37E-09,0,-1.64E-09,0,-1.85E-09,0
0,1.76E-06,0,1.61E-06,1.48E-06,1.37E-06,1.28E-06,1.20E-06,0,0,-3.47E-06,0,9.03E-07,7.16E-07,0,0,-1.17E-05,5.88E-07,0,-1.09E-06,4.26E-07,0,-9.42E-07,3.26E-07,0,3.39E-06,2.68E-07,0,2.85E-06,0,2.46E-06,0,2.17E-06,0,1.94E-06,0,0,1.76E-06,0,1.61E-06,1.48E-06,1.37E-06,1.28E-06,1.20E-06,0,0,-3.47E-06,0,9.03E-07,7.16E-07,0,0,-1.17E-05,5.88E-07,0,-1.09E-06,4.26E-07,0,-9.42E-07,3.26E-07,0,3.39E-06,2.68E-07,0,2.85E-06,0,2.46E-06,0,2.17E-06,0,1.94E-06,0,0,2.11E-06,0,1.93E-06,1.78E-06,1.65E-06,1.53E-06,1.43E-06,0,0,0,0,1.08E-06,8.58E-07,0,0,0,7.06E-07,0,3.25E-14,5.15E-07,0,-2.33E-08,3.97E-07,0,4.11E-06,3.27E-07,0,3.44E-06,0,2.97E-06,0,2.61E-06,0,2.34E-06,0
0,8.26E-06,0,7.54E-06,6.94E-06,6.42E-06,5.97E-06,5.57E-06,0,0,3.44E-07,0,4.18E-06,3.29E-06,0,0,-1.43E-06,2.69E-06,0,9.08E-06,1.94E-06,0,9.85E-06,1.47E-06,0,1.60E-05,1.20E-06,0,1.35E-05,0,1.16E-05,0,1.02E-05,0,9.13E-06,0,0,8.26E-06,0,7.54E-06,6.94E-06,6.42E-06,5.97E-06,5.57E-06,0,0,3.44E-07,0,4.18E-06,3.29E-06,0,0,-1.43E-06,2.69E-06,0,9.08E-06,1.94E-06,0,9.85E-06,1.47E-06,0,1.60E-05,1.20E-06,0,1.35E-05,0,1.16E-05,0,1.02E-05,0,9.13E-06,0,0,4.35E-06,0,4.00E-06,3.71E-06,3.45E-06,3.22E-06,3.02E-06,0,0,0,0,2.29E-06,1.80E-06,0,0,0,1.46E-06,0,4.68E-14,1.02E-06,0,-4.61E-08,7.49E-07,0,8.11E-06,6.06E-07,0,6.87E-06,0,5.97E-06,0,5.30E-06,0,4.77E-06,0
0,6.17E-06,0,5.64E-06,5.19E-06,4.80E-06,4.46E-06,4.17E-06,0,0,4.31E-10,0,3.12E-06,2.46E-06,0,0,1.01E-07,2.01E-06,0,-3.24E-06,1.45E-06,0,5.25E-06,1.10E-06,0,1.23E-05,8.99E-07,0,1.07E-05,0,8.67E-06,0,7.55E-06,0,6.79E-06,0,0,6.17E-06,0,5.64E-06,5.19E-06,4.80E-06,4.46E-06,4.17E-06,0,0,4.31E-10,0,3.12E-06,2.46E-06,0,0,1.01E-07,2.01E-06,0,-3.24E-06,1.45E-06,0,5.25E-06,1.10E-06,0,1.23E-05,8.99E-07,0,1.07E-05,0,8.67E-06,0,7.55E-06,0,6.79E-06,0,0,3.18E-06,0,2.92E-06,2.71E-06,2.52E-06,2.35E-06,2.20E-06,0,0,0,0,1.67E-06,1.31E-06,0,0,0,1.06E-06,0,3.73E-14,7.45E-07,0,-3.27E-08,5.44E-07,0,5.76E-06,4.40E-07,0,5.01E-06,0,4.35E-06,0,3.86E-06,0,3.48E-06,0
0,1.40E-05,0,1.24E-05,1.15E-05,1.08E-05,1.01E-05,9.44E-06,0,0,-2.37E-11,0,7.06E-06,5.55E-06,0,0,2.74E-10,4.54E-06,0,2.60E-07,3.27E-06,0,-3.44E-06,2.48E-06,0,1.22E-05,2.03E-06,0,-0.000398797,0,2.09E-05,0,4.87E-05,0,1.55E-05,0,0,1.40E-05,0,1.24E-05,1.15E-05,1.08E-05,1.01E-05,9.44E-06,0,0,-2.37E-11,0,7.06E-06,5.55E-06,0,0,2.74E-10,4.54E-06,0,2.60E-07,3.27E-06,0,-3.44E-06,2.48E-06,0,1.22E-05,2.03E-06,0,-0.000398797,0,2.09E-05,0,4.87E-05,0,1.55E-05,0,0,4.02E-06,0,3.73E-06,3.49E-06,3.26E-06,3.06E-06,2.88E-06,0,0,0,0,2.20E-06,1.71E-06,0,0,0,1.35E-06,0,5.72E-14,8.91E-07,0,-5.00E-08,5.92E-07,0,8.81E-06,4.62E-07,0,7.65E-06,0,5.09E-06,0,4.66E-06,0,4.35E-06,0
-2.41E-16,-0.002456448,-1.20E-16,-0.002240055,-0.00205842,-0.00190234,-0.001765949,-0.001647652,-1.33E-31,-8.03E-31,0.175855101,-9.30E-18,-0.001228066,-0.000964819,2.96E-32,2.80E-31,0.132226442,-0.0007861,-1.34E-32,0.088410133,-0.000562779,-1.24E-32,0.066724602,-0.000424676,1.81E-32,-0.004842744,-0.000344894,1.99E-32,-0.004099232,-1.00E-32,-0.003463067,8.29E-33,-0.003037157,-7.36E-17,-0.00271827,2.12E-15,-2.41E-16,-0.002456448,-1.20E-16,-0.002240055,-0.00205842,-0.00190234,-0.001765949,-0.001647652,-1.33E-31,-8.03E-31,0.175855101,-9.30E-18,-0.001228066,-0.000964819,2.96E-32,2.80E-31,0.132226442,-0.0007861,-1.34E-32,0.088410133,-0.000562779,-1.24E-32,0.066724602,-0.000424676,1.81E-32,-0.004842744,-0.000344894,1.99E-32,-0.004099232,-1.00E-32,-0.003463067,8.29E-33,-0.003037157,-7.36E-17,-0.00271827,2.12E-15,0.306787331,-0.003125262,0.280261371,-0.002855277,-0.002629047,-0.002435242,-0.002266257,-0.002119697,2.681832223,2.682912761,0.170521425,0.25725565,-0.001596951,-0.001268429,1.538381016,2.682595049,0.128239697,-0.001043725,1.019827315,0.085732601,-0.000761291,0.756604696,0.064716824,-0.00058766,0.61322106,-0.006114906,-0.000484256,0.509953734,-0.005086953,0.436474588,-0.004387501,0.383077556,-0.003859584,0.337648893,-0.003452476,2.68320081
-1.21E-18,1.139525238,-5.73E-19,-0.020275478,-0.019074245,0.001398089,-0.021601324,-0.021218866,5.79E-33,4.85E-32,-6.31E-16,-8.38E-19,-0.015765245,-0.011391589,-2.17E-33,-8.37E-33,2.55E-14,-0.01023579,-1.15E-33,7.19E-12,-0.01137831,5.31E-35,-5.69E-10,-0.01190805,-1.22E-33,-2.08E-08,-0.012481252,-1.26E-33,-0.000319865,-4.72E-35,9.86E-06,-6.09E-34,0.002957249,-2.85E-18,0.007251229,-1.04E-16,-1.21E-18,1.139525238,-5.73E-19,-0.020275478,-0.019074245,0.001398089,-0.021601324,-0.021218866,5.79E-33,4.85E-32,-6.31E-16,-8.38E-19,-0.015765245,-0.011391589,-2.17E-33,-8.37E-33,2.55E-14,-0.01023579,-1.15E-33,7.19E-12,-0.01137831,5.31E-35,-5.69E-10,-0.01190805,-1.22E-33,-2.08E-08,-0.012481252,-1.26E-33,-0.000319865,-4.72E-35,9.86E-06,-6.09E-34,0.002957249,-2.85E-18,0.007251229,-1.04E-16,1.14E-27,1.132703189,1.04E-27,-0.028282426,-0.024874937,-0.001907149,-0.022725573,-0.020691462,9.71E-27,6.31E-27,-1.34E-25,9.54E-28,-0.015606047,-0.012372818,5.19E-27,7.31E-27,-3.87E-22,-0.010137363,3.79E-27,3.01E-16,-0.007254595,2.81E-27,-1.07E-10,-0.005368489,2.27E-27,4.64E-08,-0.004331676,1.89E-27,1.07E-06,1.62E-27,-3.72E-07,1.42E-27,-5.22E-05,1.25E-27,0.00085012,5.41E-27
-9.81E-18,0.001071058,-2.47E-18,1.148038161,-0.030089371,-0.476859675,-0.303577289,-0.004808206,-1.42E-32,-8.13E-32,-1.44E-17,-2.61E-18,-0.005639597,-0.004666208,3.94E-33,1.10E-32,3.87E-16,-0.00355984,-3.23E-33,1.11E-13,-0.001543597,-1.18E-33,-8.83E-12,-0.00034026,1.99E-33,-3.22E-10,0.000420287,1.99E-33,-4.93E-06,-1.48E-34,1.25E-07,5.76E-34,2.06E-06,3.91E-18,1.83E-06,1.62E-16,-9.81E-18,0.001071058,-2.47E-18,1.148038161,-0.030089371,-0.476859675,-0.303577289,-0.004808206,-1.42E-32,-8.13E-32,-1.44E-17,-2.61E-18,-0.005639597,-0.004666208,3.94E-33,1.10E-32,3.87E-16,-0.00355984,-3.23E-33,1.11E-13,-0.001543597,-1.18E-33,-8.83E-12,-0.00034026,1.99E-33,-3.22E-10,0.000420287,1.99E-33,-4.93E-06,-1.48E-34,1.25E-07,5.76E-34,2.06E-06,3.91E-18,1.83E-06,1.62E-16,2.74E-29,0.000936983,2.50E-29,1.149634116,-0.030970072,-0.478933203,-0.305645624,-0.006508195,2.39E-28,2.28E-28,-2.06E-27,2.30E-29,-0.00691991,-0.005478844,1.36E-28,2.31E-28,-5.97E-24,-0.004505011,9.11E-29,4.64E-18,-0.00329676,6.76E-29,-1.83E-12,-0.0025781,5.48E-29,7.15E-10,-0.002140865,4.56E-29,1.53E-08,3.90E-29,-2.96E-08,3.42E-29,-1.03E-07,3.02E-29,-3.05E-05,2.25E-28
1.71E-19,-2.41E-05,-7.00E-18,0.000113519,1.165739997,1.291270299,0.669947795,-0.075004391,3.74E-32,2.71E-31,3.59E-18,4.90E-18,-0.042938625,-0.032992297,-4.80E-33,-2.47E-32,4.29E-17,-0.02788911,8.31E-33,-3.89E-14,-0.024070769,7.80E-33,-3.08E-13,-0.021529391,2.61E-33,1.13E-10,-0.020334308,1.07E-33,1.35E-06,5.50E-33,2.66E-08,1.24E-33,9.79E-05,-7.12E-18,0.000141829,-5.44E-16,1.71E-19,-2.41E-05,-7.00E-18,0.000113519,1.165739997,1.291270299,0.669947795,-0.075004391,3.74E-32,2.71E-31,3.59E-18,4.90E-18,-0.042938625,-0.032992297,-4.80E-33,-2.47E-32,4.29E-17,-0.02788911,8.31E-33,-3.89E-14,-0.024070769,7.80E-33,-3.08E-13,-0.021529391,2.61E-33,1.13E-10,-0.020334308,1.07E-33,1.35E-06,5.50E-33,2.66E-08,1.24E-33,9.79E-05,-7.12E-18,0.000141829,-5.44E-16,-4.05E-30,1.21E-05,-3.70E-30,0.000999744,1.169800918,1.296619273,0.674992457,-0.070901917,-3.41E-29,-1.60E-29,5.75E-28,-3.39E-30,-0.040896941,-0.032698968,-1.76E-29,-2.13E-29,1.66E-24,-0.026773205,-1.35E-29,-1.29E-18,-0.019243811,-1.00E-29,9.04E-13,-0.014474925,-8.05E-30,-1.99E-10,-0.011795761,-6.73E-30,-1.66E-09,-5.76E-30,-2.18E-08,-5.05E-30,-3.28E-07,-4.45E-30,-2.99E-07,-1.12E-29
7.86E-18,1.38E-05,5.27E-18,0.001900212,0.003739538,0.314953054,0.793477112,1.195502443,2.07E-32,1.17E-31,1.31E-18,7.46E-18,-0.111366663,-0.089462336,-4.43E-33,-1.51E-32,-2.42E-16,-0.066255295,-9.70E-34,3.06E-14,-0.022522112,1.03E-33,4.24E-12,0.003445765,-2.22E-33,-8.93E-11,0.020061456,8.07E-35,-6.19E-07,2.34E-33,-1.11E-07,3.24E-34,-0.000203932,7.77E-18,-0.000323539,-2.72E-16,7.86E-18,1.38E-05,5.27E-18,0.001900212,0.003739538,0.314953054,0.793477112,1.195502443,2.07E-32,1.17E-31,1.31E-18,7.46E-18,-0.111366663,-0.089462336,-4.43E-33,-1.51E-32,-2.42E-16,-0.066255295,-9.70E-34,3.06E-14,-0.022522112,1.03E-33,4.24E-12,0.003445765,-2.22E-33,-8.93E-11,0.020061456,8.07E-35,-6.19E-07,2.34E-33,-1.11E-07,3.24E-34,-0.000203932,7.77E-18,-0.000323539,-2.72E-16,1.59E-30,-1.18E-06,1.46E-30,-7.15E-06,-0.000446115,0.309257368,0.787216151,1.189697735,1.32E-29,2.97E-30,-2.78E-28,1.34E-30,-0.10847003,-0.081098315,6.44E-30,5.98E-30,-8.03E-25,-0.066566059,5.33E-30,6.24E-19,-0.048481526,3.94E-30,-1.07E-12,-0.037904311,3.17E-30,9.62E-11,-0.031549577,2.65E-30,-3.37E-09,2.27E-30,4.85E-08,1.99E-30,6.85E-07,1.75E-30,6.93E-07,2.42E-31
9.39E-18,-2.34E-07,2.23E-18,-0.000227427,-0.000391987,-0.019377491,-0.037011537,0.001599758,-2.28E-31,-1.22E-30,2.70E-18,1.88E-17,1.239256186,-0.13428291,-6.75E-33,5.62E-32,2.80E-18,-0.114159207,-6.30E-32,-3.56E-17,-0.108247543,-3.87E-32,7.56E-14,-0.103330767,-8.87E-33,1.07E-13,-0.102233748,-4.99E-34,9.86E-09,-2.60E-32,-1.73E-09,-1.26E-32,-3.32E-06,1.17E-17,9.13E-06,2.17E-15,9.39E-18,-2.34E-07,2.23E-18,-0.000227427,-0.000391987,-0.019377491,-0.037011537,0.001599758,-2.28E-31,-1.22E-30,2.70E-18,1.88E-17,1.239256186,-0.13428291,-6.75E-33,5.62E-32,2.80E-18,-0.114159207,-6.30E-32,-3.56E-17,-0.108247543,-3.87E-32,7.56E-14,-0.103330767,-8.87E-33,1.07E-13,-0.102233748,-4.99E-34,9.86E-09,-2.60E-32,-1.73E-09,-1.26E-32,-3.32E-06,1.17E-17,9.13E-06,2.17E-15,-2.76E-32,6.01E-08,-2.52E-32,8.53E-07,4.31E-05,-0.018867725,-0.036640825,0.001513965,-2.33E-31,-1.09E-31,3.93E-30,-2.32E-32,1.235213049,-0.141157239,-1.20E-31,-1.45E-31,1.14E-26,-0.110306315,-9.21E-32,-8.83E-21,-0.079283794,-6.83E-32,-6.19E-15,-0.05929544,-5.50E-32,-1.36E-12,-0.048155201,-4.59E-32,-9.27E-11,-3.93E-32,5.39E-10,-3.45E-32,1.41E-08,-3.04E-32,-3.96E-08,-7.61E-32
1.73E-17,-2.06E-08,1.78E-17,-1.52E-05,-2.83E-05,-0.000320972,0.001787494,-5.51E-05,1.53E-32,9.55E-32,1.98E-18,6.10E-18,0.008447918,1.31476844,-1.04E-32,-4.15E-32,6.17E-18,-0.157971304,3.78E-33,-8.43E-18,-0.115949978,3.84E-34,2.96E-15,-0.093877245,-3.78E-33,4.49E-14,-0.081673679,-3.47E-33,8.86E-10,5.38E-34,-6.15E-11,-1.24E-33,-1.22E-07,3.30E-17,7.15E-07,-2.99E-16,1.73E-17,-2.06E-08,1.78E-17,-1.52E-05,-2.83E-05,-0.000320972,0.001787494,-5.51E-05,1.53E-32,9.55E-32,1.98E-18,6.10E-18,0.008447918,1.31476844,-1.04E-32,-4.15E-32,6.17E-18,-0.157971304,3.78E-33,-8.43E-18,-0.115949978,3.84E-34,2.96E-15,-0.093877245,-3.78E-33,4.49E-14,-0.081673679,-3.47E-33,8.86E-10,5.38E-34,-6.15E-11,-1.24E-33,-1.22E-07,3.30E-17,7.15E-07,-2.99E-16,4.92E-34,4.27E-09,4.50E-34,5.51E-08,3.69E-07,-0.000281196,0.001829773,-5.73E-05,5.98E-33,3.04E-32,3.68E-31,4.13E-34,0.008049504,1.318103307,6.16E-33,2.33E-32,1.06E-27,-0.154785972,1.57E-33,-8.22E-22,-0.106598598,1.18E-33,6.70E-17,-0.080831593,1.03E-33,-1.27E-13,-0.066169769,8.16E-34,-4.40E-12,7.00E-34,1.32E-11,6.15E-34,5.95E-10,5.42E-34,-2.79E-09,3.69E-32
-3.94E-17,-5.29E-10,1.19E-17,4.93E-07,-6.77E-07,1.18E-05,4.20E-05,-1.60E-06,1.49E-31,7.12E-31,-1.74E-17,-4.37E-17,-0.000288048,0.011558109,-1.15E-32,-4.75E-32,-6.71E-18,1.408745314,3.75E-32,-6.21E-18,-0.117179106,3.12E-32,-5.26E-16,-0.080254518,3.09E-34,6.82E-15,-0.056794719,2.56E-34,2.54E-11,1.87E-32,1.30E-11,3.27E-33,2.42E-08,-8.43E-17,3.62E-09,-1.50E-15,-3.94E-17,-5.29E-10,1.19E-17,4.93E-07,-6.77E-07,1.18E-05,4.20E-05,-1.60E-06,1.49E-31,7.12E-31,-1.74E-17,-4.37E-17,-0.000288048,0.011558109,-1.15E-32,-4.75E-32,-6.71E-18,1.408745314,3.75E-32,-6.21E-18,-0.117179106,3.12E-32,-5.26E-16,-0.080254518,3.09E-34,6.82E-15,-0.056794719,2.56E-34,2.54E-11,1.87E-32,1.30E-11,3.27E-33,2.42E-08,-8.43E-17,3.62E-09,-1.50E-15,-2.82E-35,-5.12E-11,-2.58E-35,-1.73E-09,-5.32E-09,3.09E-06,2.25E-05,-7.45E-07,-2.02E-34,4.47E-34,1.26E-32,-2.37E-35,-0.000273041,0.009190067,-4.35E-35,2.57E-34,3.63E-29,1.403743254,-9.56E-35,-2.82E-23,-0.136544463,-7.05E-35,9.99E-17,-0.106185393,-5.52E-35,-4.35E-15,-0.087105319,-4.70E-35,4.91E-13,-4.02E-35,-5.15E-12,-3.53E-35,-8.83E-11,-3.11E-35,4.05E-11,6.20E-34
-1.14E-18,-5.63E-11,-1.59E-18,-1.16E-08,-8.10E-08,3.38E-07,3.55E-07,-1.43E-08,-4.53E-33,-5.22E-32,-1.13E-18,-5.82E-19,-3.59E-06,-0.000174316,2.37E-33,6.29E-33,-1.41E-18,0.009877193,-1.51E-33,-6.20E-19,-0.187298348,-7.44E-34,-1.23E-17,-0.098016189,4.06E-34,3.12E-16,-0.115321677,7.88E-34,2.51E-12,-9.48E-34,3.20E-13,-1.79E-34,5.82E-10,-7.64E-19,1.46E-09,9.70E-17,-1.14E-18,-5.63E-11,-1.59E-18,-1.16E-08,-8.10E-08,3.38E-07,3.55E-07,-1.43E-08,-4.53E-33,-5.22E-32,-1.13E-18,-5.82E-19,-3.59E-06,-0.000174316,2.37E-33,6.29E-33,-1.41E-18,0.009877193,-1.51E-33,-6.20E-19,-0.187298348,-7.44E-34,-1.23E-17,-0.098016189,4.06E-34,3.12E-16,-0.115321677,7.88E-34,2.51E-12,-9.48E-34,3.20E-13,-1.79E-34,5.82E-10,-7.64E-19,1.46E-09,9.70E-17,-5.49E-36,6.27E-12,-5.02E-36,4.34E-11,1.44E-10,9.12E-08,-2.97E-07,1.04E-08,-4.50E-35,-5.45E-37,1.11E-33,-4.61E-36,-3.86E-06,-0.000262443,-2.08E-35,-1.36E-35,3.20E-30,0.009607031,-1.84E-35,-2.48E-24,-0.188399242,-1.36E-35,3.47E-18,-0.099163312,-1.09E-35,-3.83E-16,-0.116668577,-9.14E-36,8.22E-15,-7.82E-36,-1.48E-13,-6.86E-36,-1.85E-12,-6.05E-36,-3.87E-12,1.13E-35
-2.48E-19,6.27E-12,-2.13E-19,1.91E-09,9.03E-09,-2.07E-08,-6.49E-08,2.20E-09,-2.31E-33,-1.66E-32,-1.04E-19,-1.32E-19,-4.81E-09,-1.18E-05,7.74E-34,3.09E-33,-1.05E-19,-0.000298269,-1.15E-33,-6.54E-20,1.60043787,-3.84E-34,8.40E-19,-0.29999134,1.18E-36,-3.09E-17,-0.144196286,-9.53E-35,-2.77E-13,-4.81E-34,-2.54E-14,-9.56E-35,-4.57E-11,-1.58E-19,-1.73E-10,4.01E-17,-2.48E-19,6.27E-12,-2.13E-19,1.91E-09,9.03E-09,-2.07E-08,-6.49E-08,2.20E-09,-2.31E-33,-1.66E-32,-1.04E-19,-1.32E-19,-4.81E-09,-1.18E-05,7.74E-34,3.09E-33,-1.05E-19,-0.000298269,-1.15E-33,-6.54E-20,1.60043787,-3.84E-34,8.40E-19,-0.29999134,1.18E-36,-3.09E-17,-0.144196286,-9.53E-35,-2.77E-13,-4.81E-34,-2.54E-14,-9.56E-35,-4.57E-11,-1.58E-19,-1.73E-10,4.01E-17,2.35E-36,-8.11E-13,2.14E-36,-7.06E-12,-2.83E-11,-2.60E-10,-7.26E-09,9.04E-11,2.07E-35,2.32E-35,-1.20E-34,1.97E-36,4.20E-08,-3.76E-06,1.21E-35,2.24E-35,-3.50E-31,-0.000272308,7.79E-36,2.72E-25,1.604006103,5.78E-36,-3.18E-19,-0.300570379,4.69E-36,4.19E-17,-0.144418197,3.90E-36,-4.91E-16,3.34E-36,1.26E-14,2.93E-36,1.33E-13,2.58E-36,5.10E-13,2.38E-35
-1.86E-23,1.34E-14,-2.42E-22,3.83E-12,1.93E-11,-5.14E-11,-1.28E-10,4.45E-12,-2.31E-36,-1.36E-35,3.38E-22,9.90E-23,1.61E-10,-1.20E-08,1.10E-36,2.94E-36,-1.53E-22,-9.76E-07,-5.83E-37,6.78E-23,0.002757378,-3.90E-37,2.02E-21,1.680101269,8.29E-38,-6.77E-20,-0.515222852,1.79E-37,-5.94E-16,-3.84E-37,-5.87E-17,-6.96E-39,-1.06E-13,-1.10E-22,-3.65E-13,3.08E-20,-1.86E-23,1.34E-14,-2.42E-22,3.83E-12,1.93E-11,-5.14E-11,-1.28E-10,4.45E-12,-2.31E-36,-1.36E-35,3.38E-22,9.90E-23,1.61E-10,-1.20E-08,1.10E-36,2.94E-36,-1.53E-22,-9.76E-07,-5.83E-37,6.78E-23,0.002757378,-3.90E-37,2.02E-21,1.680101269,8.29E-38,-6.77E-20,-0.515222852,1.79E-37,-5.94E-16,-3.84E-37,-5.87E-17,-6.96E-39,-1.06E-13,-1.10E-22,-3.65E-13,3.08E-20,-1.82E-39,-1.69E-15,-1.66E-39,-1.42E-14,-5.53E-14,-4.73E-12,1.47E-12,-3.32E-13,-1.75E-38,-4.11E-38,-2.62E-37,-1.53E-39,2.53E-10,5.86E-09,-1.27E-38,-3.42E-38,-7.50E-34,-9.19E-07,-5.98E-39,5.83E-28,0.002763558,-4.46E-39,-7.09E-22,1.683819314,-3.68E-39,8.99E-20,-0.516370546,-3.02E-39,-1.23E-18,-2.59E-39,2.86E-17,-2.27E-39,3.15E-16,-2.00E-39,1.06E-15,-4.73E-38
-8.69E-19,-0.01365919,-8.84E-19,-0.012348105,-0.011403572,-0.010580451,-0.009820535,-0.009166592,4.81E-35,2.89E-34,7.95E-11,-5.59E-19,-0.006832155,-0.00536628,4.81E-35,8.67E-34,-1.54E-09,-0.004371953,5.22E-35,-8.74E-07,-0.003130967,-2.88E-35,-0.006116531,-0.002363229,2.02E-35,1.064116643,-0.00192045,4.01E-35,-0.017899742,-3.77E-35,-0.019325627,-1.49E-35,-0.017955512,5.12E-19,-0.015684588,-5.69E-19,-8.69E-19,-0.01365919,-8.84E-19,-0.012348105,-0.011403572,-0.010580451,-0.009820535,-0.009166592,4.81E-35,2.89E-34,7.95E-11,-5.59E-19,-0.006832155,-0.00536628,4.81E-35,8.67E-34,-1.54E-09,-0.004371953,5.22E-35,-8.74E-07,-0.003130967,-2.88E-35,-0.006116531,-0.002363229,2.02E-35,1.064116643,-0.00192045,4.01E-35,-0.017899742,-3.77E-35,-0.019325627,-1.49E-35,-0.017955512,5.12E-19,-0.015684588,-5.69E-19,-2.23E-21,-0.013388333,-2.03E-21,-0.012250103,-0.011294263,-0.010472342,-0.009753101,-0.009127585,-3.29E-20,-2.29E-19,-3.07E-18,-1.87E-21,-0.006886108,-0.005457848,-4.08E-20,-1.72E-19,-8.83E-15,-0.004473765,-6.87E-21,6.86E-09,-0.003234555,-5.22E-21,-0.006150288,-0.002467774,-4.81E-21,1.058029273,-0.002025781,-3.68E-21,-0.022767126,-3.17E-21,-0.018675779,-2.78E-21,-0.016469157,-2.45E-21,-0.014761601,-2.81E-19
-5.85E-25,-9.32E-17,-3.46E-25,-3.13E-14,-1.34E-13,2.29E-13,1.08E-12,-3.55E-14,1.19E-38,8.03E-38,-8.80E-26,-2.51E-24,1.97E-12,3.21E-10,-2.87E-39,-1.16E-38,-3.77E-25,6.78E-10,1.51E-39,-2.82E-25,-3.12E-05,1.50E-39,-1.14E-23,0.018667548,2.36E-41,4.40E-22,2.014956933,-7.15E-40,4.11E-18,1.12E-39,3.30E-19,1.47E-41,5.89E-16,-2.35E-24,2.62E-15,-1.42E-22,-5.85E-25,-9.32E-17,-3.46E-25,-3.13E-14,-1.34E-13,2.29E-13,1.08E-12,-3.55E-14,1.19E-38,8.03E-38,-8.80E-26,-2.51E-24,1.97E-12,3.21E-10,-2.87E-39,-1.16E-38,-3.77E-25,6.78E-10,1.51E-39,-2.82E-25,-3.12E-05,1.50E-39,-1.14E-23,0.018667548,2.36E-41,4.40E-22,2.014956933,-7.15E-40,4.11E-18,1.12E-39,3.30E-19,1.47E-41,5.89E-16,-2.35E-24,2.62E-15,-1.42E-22,-1.41E-41,1.26E-17,-1.29E-41,1.15E-16,4.78E-16,-4.25E-14,2.96E-13,-7.18E-15,-1.20E-40,-7.04E-41,1.79E-39,-1.18E-41,1.19E-12,2.10E-10,-6.33E-41,-8.50E-41,5.16E-36,3.11E-10,-4.71E-41,-4.01E-30,-3.12E-05,-3.49E-41,4.40E-24,0.018708856,-2.81E-41,-6.19E-22,2.019446255,-2.35E-41,5.31E-21,-2.01E-41,-1.69E-19,-1.76E-41,-1.63E-18,-1.55E-41,-7.94E-18,-5.72E-41
-3.53E-18,-0.017465602,4.01E-18,-0.015959077,-0.014643454,-0.01351981,-0.012553802,-0.011714073,5.62E-32,4.34E-31,1.79E-12,-4.88E-18,-0.008729948,-0.006857137,-4.07E-32,-1.68E-31,1.00E-10,-0.005585334,1.58E-32,-1.80E-08,-0.003995876,5.36E-33,0.00015741,-0.003012704,-9.00E-33,0.000628554,-0.002445483,-3.07E-33,1.070110867,1.36E-32,-0.025315559,-4.07E-33,-0.021392786,-7.74E-18,-0.019135468,-1.21E-15,-3.53E-18,-0.017465602,4.01E-18,-0.015959077,-0.014643454,-0.01351981,-0.012553802,-0.011714073,5.62E-32,4.34E-31,1.79E-12,-4.88E-18,-0.008729948,-0.006857137,-4.07E-32,-1.68E-31,1.00E-10,-0.005585334,1.58E-32,-1.80E-08,-0.003995876,5.36E-33,0.00015741,-0.003012704,-9.00E-33,0.000628554,-0.002445483,-3.07E-33,1.070110867,1.36E-32,-0.025315559,-4.07E-33,-0.021392786,-7.74E-18,-0.019135468,-1.21E-15,-6.89E-24,-0.019477255,-6.30E-24,-0.017807706,-0.016407653,-0.015205906,-0.014156068,-0.013244267,-6.84E-23,-1.87E-22,-1.48E-21,-5.78E-24,-0.009984834,-0.007922455,-5.25E-23,-1.52E-22,-4.24E-18,-0.006506712,-2.26E-23,3.30E-12,-0.00472564,-1.68E-23,0.000159884,-0.003627227,-1.40E-23,0.000508279,-0.002983493,-1.14E-23,1.07050348,-9.81E-24,-0.027910704,-8.61E-24,-0.024064008,-7.59E-24,-0.021498815,-2.19E-22
7.06E-18,-0.020744337,4.32E-18,-0.019731982,-0.018183801,-0.016599064,-0.01513901,-0.013858753,7.22E-32,4.43E-31,-2.86E-13,-2.18E-18,-0.010329941,-0.008122937,-3.14E-32,-9.01E-32,7.29E-12,-0.006606751,6.81E-33,3.19E-09,-0.004687631,-2.22E-33,-2.28E-08,-0.003502084,-6.58E-33,-2.06E-05,-0.002815958,-5.50E-33,0.002231704,9.01E-33,1.091891131,-1.13E-33,-0.020127987,4.15E-18,-0.020455367,-1.08E-15,7.06E-18,-0.020744337,4.32E-18,-0.019731982,-0.018183801,-0.016599064,-0.01513901,-0.013858753,7.22E-32,4.43E-31,-2.86E-13,-2.18E-18,-0.010329941,-0.008122937,-3.14E-32,-9.01E-32,7.29E-12,-0.006606751,6.81E-33,3.19E-09,-0.004687631,-2.22E-33,-2.28E-08,-0.003502084,-6.58E-33,-2.06E-05,-0.002815958,-5.50E-33,0.002231704,9.01E-33,1.091891131,-1.13E-33,-0.020127987,4.15E-18,-0.020455367,-1.08E-15,2.81E-26,-0.016677256,2.56E-26,-0.015279298,-0.01410637,-0.013094028,-0.012204761,-0.011429138,1.56E-25,-1.15E-24,-2.33E-23,2.35E-26,-0.008633185,-0.006829187,-5.61E-26,-7.65E-25,-6.72E-20,-0.005578158,9.68E-26,5.22E-14,-0.004000959,7.10E-26,9.98E-08,-0.003020605,5.37E-26,8.05E-06,-0.002471311,4.68E-26,0.000963719,3.99E-26,1.09149102,3.51E-26,-0.020566265,3.09E-26,-0.018438712,-1.49E-24
3.10E-19,-0.024034457,4.16E-19,-0.022165387,-0.020349499,-0.018734686,-0.017327367,-0.0161008,7.28E-33,5.38E-32,4.78E-14,-1.18E-17,-0.012000716,-0.00943064,6.72E-36,-8.36E-33,6.60E-12,-0.007680423,2.58E-33,-4.24E-10,-0.005485931,1.51E-33,-1.37E-07,-0.004129266,3.35E-34,1.20E-06,-0.00334502,7.65E-35,0.002039552,1.27E-33,0.000989293,1.99E-34,1.099623358,-1.09E-17,-0.025852845,-9.22E-17,3.10E-19,-0.024034457,4.16E-19,-0.022165387,-0.020349499,-0.018734686,-0.017327367,-0.0161008,7.28E-33,5.38E-32,4.78E-14,-1.18E-17,-0.012000716,-0.00943064,6.72E-36,-8.36E-33,6.60E-12,-0.007680423,2.58E-33,-4.24E-10,-0.005485931,1.51E-33,-1.37E-07,-0.004129266,3.35E-34,1.20E-06,-0.00334502,7.65E-35,0.002039552,1.27E-33,0.000989293,1.99E-34,1.099623358,-1.09E-17,-0.025852845,-9.22E-17,3.41E-27,-0.025707567,3.12E-27,-0.023504239,-0.021660322,-0.020076922,-0.018692855,-0.017490384,3.64E-26,1.33E-25,1.34E-24,2.86E-27,-0.013188199,-0.010461366,3.16E-26,1.04E-25,3.86E-21,-0.008587817,1.11E-26,-3.00E-15,-0.006230453,8.29E-27,1.78E-09,-0.004775751,7.00E-27,-4.63E-07,-0.003926522,5.67E-27,-6.00E-06,4.86E-27,-0.003068822,4.26E-27,1.097741283,3.76E-27,-0.028553914,1.58E-25
1.63E-18,-0.027797904,2.18E-18,-0.024819671,-0.022828441,-0.021066635,-0.019473466,-0.018103684,-2.25E-33,-9.60E-33,-9.47E-15,2.85E-18,-0.013493169,-0.010603006,-3.87E-34,2.14E-33,-1.32E-12,-0.00863465,-1.05E-33,8.39E-11,-0.006166482,-6.31E-34,2.76E-08,-0.004640553,-8.71E-35,-2.39E-07,-0.003758704,4.71E-35,-0.000352567,-2.82E-34,2.71E-05,-1.21E-34,0.000470405,2.82E-18,1.114028466,2.44E-17,1.63E-18,-0.027797904,2.18E-18,-0.024819671,-0.022828441,-0.021066635,-0.019473466,-0.018103684,-2.25E-33,-9.60E-33,-9.47E-15,2.85E-18,-0.013493169,-0.010603006,-3.87E-34,2.14E-33,-1.32E-12,-0.00863465,-1.05E-33,8.39E-11,-0.006166482,-6.31E-34,2.76E-08,-0.004640553,-8.71E-35,-2.39E-07,-0.003758704,4.71E-35,-0.000352567,-2.82E-34,2.71E-05,-1.21E-34,0.000470405,2.82E-18,1.114028466,2.44E-17,3.50E-27,-0.026085846,3.19E-27,-0.023165288,-0.021360544,-0.019822775,-0.01845057,-0.017270483,3.05E-26,3.00E-26,-2.49E-25,2.93E-27,-0.01303229,-0.010325553,1.74E-26,3.01E-26,-7.23E-22,-0.008458384,1.16E-26,5.62E-16,-0.006106756,8.62E-27,-1.86E-10,-0.004650601,6.99E-27,8.66E-08,-0.003815499,5.81E-27,2.08E-06,4.97E-27,0.000836489,4.36E-27,0.001685239,3.85E-27,1.117478427,2.98E-26
1.006664527,0.002771445,4.38E-18,0.002519935,0.002310262,0.002132723,0.001979679,0.001848096,-7.16E-32,-5.00E-31,0.018324293,2.92E-18,0.001385567,0.001107641,-5.68E-33,4.08E-32,0.013778126,0.000922269,-3.20E-32,0.009212414,0.000690808,-1.75E-32,0.006918798,0.000551664,-2.15E-34,0.00553934,0.000459415,9.96E-34,0.004615674,-4.22E-23,0.003957547,-2.53E-18,0.003461406,-0.027494029,0.003078687,8.06E-16,1.006664527,0.002771445,4.38E-18,0.002519935,0.002310262,0.002132723,0.001979679,0.001848096,-7.16E-32,-5.00E-31,0.018324293,2.92E-18,0.001385567,0.001107641,-5.68E-33,4.08E-32,0.013778126,0.000922269,-3.20E-32,0.009212414,0.000690808,-1.75E-32,0.006918798,0.000551664,-2.15E-34,0.00553934,0.000459415,9.96E-34,0.004615674,-4.22E-23,0.003957547,-2.53E-18,0.003461406,-0.027494029,0.003078687,8.06E-16,3.45E-26,4.12E-06,3.15E-26,4.16E-06,4.16E-06,4.08E-06,3.96E-06,3.82E-06,2.80E-25,-4.28E-26,-7.66E-24,2.89E-26,3.08E-06,2.20E-06,1.24E-25,5.18E-26,-2.21E-20,1.44E-06,1.16E-25,1.72E-14,4.35E-07,8.55E-26,-1.49E-08,-2.86E-07,6.84E-26,2.65E-06,-4.01E-07,5.74E-26,3.28E-06,4.91E-26,3.60E-06,4.31E-26,3.82E-06,3.80E-26,4.00E-06,-1.28E-25
1.36E-17,-0.00074823,1.004853701,-0.000682128,-0.00062699,-0.00058025,-0.000539897,-0.000505121,3.64E-34,3.30E-33,-0.001018919,-4.00E-17,-0.000381907,-0.000306807,-1.27E-34,-9.26E-34,-0.000312527,-0.000256065,6.75E-35,-0.000207216,-0.000192305,2.27E-35,-0.000148733,-0.00015384,-3.76E-35,-0.001479548,-0.000128674,-5.71E-35,-0.001235682,2.25E-35,-0.001060248,2.07E-23,-0.000929419,0.003283245,-0.000828914,-6.68E-18,1.36E-17,-0.00074823,1.004853701,-0.000682128,-0.00062699,-0.00058025,-0.000539897,-0.000505121,3.64E-34,3.30E-33,-0.001018919,-4.00E-17,-0.000381907,-0.000306807,-1.27E-34,-9.26E-34,-0.000312527,-0.000256065,6.75E-35,-0.000207216,-0.000192305,2.27E-35,-0.000148733,-0.00015384,-3.76E-35,-0.001479548,-0.000128674,-5.71E-35,-0.001235682,2.25E-35,-0.001060248,2.07E-23,-0.000929419,0.003283245,-0.000828914,-6.68E-18,-2.10E-23,-0.000675617,-1.92E-23,-0.000614704,-0.000563897,-0.000520823,-0.000483643,-0.000451644,-1.73E-22,-2.42E-23,3.89E-21,-1.76E-23,-0.000338939,-0.000270802,-8.28E-23,-6.79E-23,1.12E-17,-0.000225174,-7.02E-23,-8.73E-12,-0.00016811,-5.20E-23,7.65E-06,-0.000133666,-4.17E-23,-0.001346586,-0.000111177,-3.49E-23,-0.001121926,-2.99E-23,-0.000962654,-2.62E-23,-0.00084258,-2.31E-23,-0.000749967,1.55E-23
-2.41E-18,-0.001179301,-3.02E-19,-0.001074977,-0.000987374,-0.000911952,-0.000845929,-0.000788632,-1.68E-32,-1.13E-31,-0.008848442,1.002947622,-0.0005856,-0.000457929,4.03E-33,8.53E-33,-0.00700362,-0.000371355,-1.34E-33,-0.004713402,-0.000263367,-1.62E-33,-0.003540824,-0.000196367,1.49E-33,-0.0022975,-0.000158352,1.75E-33,-0.001929305,-6.19E-34,-0.001663359,4.01E-34,-0.001461566,4.67E-18,-0.001305317,1.99E-16,-2.41E-18,-0.001179301,-3.02E-19,-0.001074977,-0.000987374,-0.000911952,-0.000845929,-0.000788632,-1.68E-32,-1.13E-31,-0.008848442,1.002947622,-0.0005856,-0.000457929,4.03E-33,8.53E-33,-0.00700362,-0.000371355,-1.34E-33,-0.004713402,-0.000263367,-1.62E-33,-0.003540824,-0.000196367,1.49E-33,-0.0022975,-0.000158352,1.75E-33,-0.001929305,-6.19E-34,-0.001663359,4.01E-34,-0.001461566,4.67E-18,-0.001305317,1.99E-16,7.15E-24,0.000214306,6.53E-24,0.000187374,0.000165576,0.00014839,0.000134657,0.000123561,5.82E-23,-5.35E-24,-1.53E-21,6.00E-24,8.87E-05,7.58E-05,2.63E-23,1.33E-23,-4.43E-18,7.03E-05,2.39E-23,3.44E-12,6.43E-05,1.77E-23,-3.02E-06,6.29E-05,1.42E-23,0.000530497,5.54E-05,1.19E-23,0.000422141,1.02E-23,0.000347657,8.93E-24,0.000291808,7.87E-24,0.00024868,-2.22E-23
1.96E-18,-8.37E-06,1.79E-18,-7.61E-06,-6.98E-06,-6.44E-06,-5.98E-06,-5.58E-06,1.021220074,-2.73E-20,-5.54E-05,1.19E-17,-4.19E-06,-3.35E-06,9.74E-18,-7.43E-18,-4.16E-05,-2.79E-06,6.46E-18,-2.78E-05,-2.09E-06,3.50E-17,-2.09E-05,-1.67E-06,3.89E-18,-1.67E-05,-1.39E-06,2.36E-17,-1.39E-05,2.77E-18,-1.20E-05,2.43E-18,-1.05E-05,1.57E-17,-9.30E-06,-2.03E-15,1.96E-18,-8.37E-06,1.79E-18,-7.61E-06,-6.98E-06,-6.44E-06,-5.98E-06,-5.58E-06,1.021220074,-2.73E-20,-5.54E-05,1.19E-17,-4.19E-06,-3.35E-06,9.74E-18,-7.43E-18,-4.16E-05,-2.79E-06,6.46E-18,-2.78E-05,-2.09E-06,3.50E-17,-2.09E-05,-1.67E-06,3.89E-18,-1.67E-05,-1.39E-06,2.36E-17,-1.39E-05,2.77E-18,-1.20E-05,2.43E-18,-1.05E-05,1.57E-17,-9.30E-06,-2.03E-15,-2.52E-29,-9.28E-09,-2.30E-29,-9.68E-09,-9.91E-09,-9.89E-09,-9.70E-09,-9.41E-09,-2.07E-28,-1.84E-29,4.83E-27,-2.11E-29,-7.71E-09,-5.36E-09,-9.79E-29,-7.39E-29,1.40E-23,-3.28E-09,-8.43E-29,-1.08E-17,-5.23E-10,-6.24E-29,9.01E-12,1.49E-09,-5.00E-29,-1.67E-09,1.74E-09,-4.19E-29,-4.62E-09,-3.59E-29,-6.34E-09,-3.15E-29,-7.58E-09,-2.77E-29,-8.55E-09,3.18E-29
-3.76E-31,9.36E-08,8.67E-19,8.51E-08,7.80E-08,7.20E-08,6.68E-08,6.24E-08,6.94E-17,1.022352317,6.19E-07,-3.47E-18,4.68E-08,3.74E-08,-2.12E-30,-2.78E-17,4.65E-07,3.11E-08,1.73E-17,3.11E-07,2.33E-08,6.94E-18,2.34E-07,1.86E-08,1.73E-18,1.87E-07,1.55E-08,-6.24E-31,1.56E-07,8.67E-18,1.34E-07,3.47E-18,1.17E-07,7.72E-19,1.04E-07,1.02E-15,-3.76E-31,9.36E-08,8.67E-19,8.51E-08,7.80E-08,7.20E-08,6.68E-08,6.24E-08,6.94E-17,1.022352317,6.19E-07,-3.47E-18,4.68E-08,3.74E-08,-2.12E-30,-2.78E-17,4.65E-07,3.11E-08,1.73E-17,3.11E-07,2.33E-08,6.94E-18,2.34E-07,1.86E-08,1.73E-18,1.87E-07,1.55E-08,-6.24E-31,1.56E-07,8.67E-18,1.34E-07,3.47E-18,1.17E-07,7.72E-19,1.04E-07,1.02E-15,4.07E-31,1.04E-10,3.72E-31,1.08E-10,1.11E-10,1.11E-10,1.08E-10,1.05E-10,3.45E-30,1.86E-30,-5.39E-29,3.41E-31,8.62E-11,5.99E-11,1.80E-30,2.33E-30,-1.56E-25,3.67E-11,1.36E-30,1.21E-19,5.84E-12,1.01E-30,-1.01E-13,-1.67E-11,8.10E-31,1.87E-11,-1.94E-11,6.76E-31,5.17E-11,5.79E-31,7.08E-11,5.08E-31,8.47E-11,4.48E-31,9.55E-11,1.44E-30
-2.25E-18,7.50E-05,-1.86E-18,6.82E-05,6.26E-05,5.78E-05,5.36E-05,5.00E-05,1.37E-17,-1.73E-30,0.00049639,-1.92E-18,3.75E-05,3.00E-05,1.020183495,-3.58E-21,0.000373238,2.50E-05,-8.76E-18,0.000249557,1.87E-05,-6.50E-18,0.000187425,1.49E-05,3.99E-17,0.000149999,1.24E-05,-4.38E-18,0.000124987,-3.59E-17,0.000107166,-3.29E-18,9.37E-05,-2.83E-18,8.34E-05,3.62E-15,-2.25E-18,7.50E-05,-1.86E-18,6.82E-05,6.26E-05,5.78E-05,5.36E-05,5.00E-05,1.37E-17,-1.73E-30,0.00049639,-1.92E-18,3.75E-05,3.00E-05,1.020183495,-3.58E-21,0.000373238,2.50E-05,-8.76E-18,0.000249557,1.87E-05,-6.50E-18,0.000187425,1.49E-05,3.99E-17,0.000149999,1.24E-05,-4.38E-18,0.000124987,-3.59E-17,0.000107166,-3.29E-18,9.37E-05,-2.83E-18,8.34E-05,3.62E-15,4.20E-28,8.32E-08,3.83E-28,8.68E-08,8.88E-08,8.87E-08,8.69E-08,8.44E-08,3.61E-27,2.73E-27,-4.32E-26,3.52E-28,6.92E-08,4.81E-08,1.97E-27,2.99E-27,-1.25E-22,2.94E-08,1.40E-27,9.72E-17,4.69E-09,1.04E-27,-8.08E-11,-1.34E-08,8.37E-28,1.50E-08,-1.56E-08,6.98E-28,4.15E-08,5.97E-28,5.68E-08,5.24E-28,6.79E-08,4.62E-28,7.66E-08,2.50E-27
2.17E-18,-1.91E-07,2.17E-18,-1.74E-07,-1.59E-07,-1.47E-07,-1.36E-07,-1.27E-07,1.39E-17,-1.04E-17,-1.26E-06,2.60E-18,-9.54E-08,-7.63E-08,1.91E-17,1.022013396,-9.49E-07,-6.35E-08,6.94E-18,-6.35E-07,-4.76E-08,1.82E-17,-4.77E-07,-3.80E-08,6.07E-18,-3.81E-07,-3.16E-08,1.30E-17,-3.18E-07,2.17E-18,-2.73E-07,3.04E-18,-2.38E-07,-3.09E-18,-2.12E-07,-1.05E-15,2.17E-18,-1.91E-07,2.17E-18,-1.74E-07,-1.59E-07,-1.47E-07,-1.36E-07,-1.27E-07,1.39E-17,-1.04E-17,-1.26E-06,2.60E-18,-9.54E-08,-7.63E-08,1.91E-17,1.022013396,-9.49E-07,-6.35E-08,6.94E-18,-6.35E-07,-4.76E-08,1.82E-17,-4.77E-07,-3.80E-08,6.07E-18,-3.81E-07,-3.16E-08,1.30E-17,-3.18E-07,2.17E-18,-2.73E-07,3.04E-18,-2.38E-07,-3.09E-18,-2.12E-07,-1.05E-15,-6.19E-31,-2.12E-10,-5.66E-31,-2.21E-10,-2.26E-10,-2.25E-10,-2.21E-10,-2.15E-10,-5.13E-30,-1.01E-30,1.10E-28,-5.19E-31,-1.76E-10,-1.22E-10,-2.48E-30,-2.22E-30,3.18E-25,-7.48E-11,-2.07E-30,-2.47E-19,-1.19E-11,-1.53E-30,2.05E-13,3.40E-11,-1.23E-30,-3.81E-11,3.96E-11,-1.03E-30,-1.05E-10,-8.81E-31,-1.44E-10,-7.73E-31,-1.73E-10,-6.82E-31,-1.95E-10,8.29E-32
2.51E-19,-0.000149625,8.44E-20,-0.000135501,-0.000123736,-0.000113787,-0.000105227,-9.79E-05,-2.19E-18,1.65E-34,-0.002138196,3.14E-19,-7.24E-05,-5.74E-05,1.66E-17,-1.16E-35,-0.00161028,-4.76E-05,1.018676795,-0.001077542,-3.55E-05,-4.86E-18,-0.000810974,-2.82E-05,3.37E-21,-0.000303885,-2.33E-05,-1.03E-33,-0.000252416,2.05E-34,-0.000216128,-8.86E-34,-0.0001884,-3.83E-19,-0.000166896,-3.53E-19,2.51E-19,-0.000149625,8.44E-20,-0.000135501,-0.000123736,-0.000113787,-0.000105227,-9.79E-05,-2.19E-18,1.65E-34,-0.002138196,3.14E-19,-7.24E-05,-5.74E-05,1.66E-17,-1.16E-35,-0.00161028,-4.76E-05,1.018676795,-0.001077542,-3.55E-05,-4.86E-18,-0.000810974,-2.82E-05,3.37E-21,-0.000303885,-2.33E-05,-1.03E-33,-0.000252416,2.05E-34,-0.000216128,-8.86E-34,-0.0001884,-3.83E-19,-0.000166896,-3.53E-19,1.14E-23,0.00017103,1.04E-23,0.000155561,0.000142663,0.000131736,0.000122312,0.000114206,9.89E-23,8.67E-23,-9.84E-22,9.57E-24,8.57E-05,6.85E-05,5.54E-23,9.03E-23,-2.85E-18,5.70E-05,3.80E-23,2.21E-12,4.26E-05,2.82E-23,-1.94E-06,3.40E-05,2.28E-23,0.000341548,2.83E-05,1.90E-23,0.000284438,1.62E-23,0.000243964,1.42E-23,0.000213453,1.26E-23,0.00018992,8.34E-23
3.90E-18,3.00E-08,3.56E-18,2.73E-08,2.50E-08,2.31E-08,2.14E-08,2.00E-08,3.61E-17,-2.53E-17,1.99E-07,3.27E-18,1.50E-08,1.20E-08,5.86E-17,8.51E-17,1.49E-07,9.99E-09,3.89E-17,9.98E-08,7.48E-09,9.62E-18,7.50E-08,5.98E-09,7.80E-18,6.00E-08,4.98E-09,6.48E-18,5.00E-08,5.55E-18,4.29E-08,4.87E-18,3.75E-08,4.29E-18,3.34E-08,-3.52E-16,3.90E-18,3.00E-08,3.56E-18,2.73E-08,2.50E-08,2.31E-08,2.14E-08,2.00E-08,3.61E-17,-2.53E-17,1.99E-07,3.27E-18,1.50E-08,1.20E-08,5.86E-17,8.51E-17,1.49E-07,9.99E-09,3.89E-17,9.98E-08,7.48E-09,9.62E-18,7.50E-08,5.98E-09,7.80E-18,6.00E-08,4.98E-09,6.48E-18,5.00E-08,5.55E-18,4.29E-08,4.87E-18,3.75E-08,4.29E-18,3.34E-08,-3.52E-16,5.02E-32,3.33E-11,4.59E-32,3.47E-11,3.55E-11,3.55E-11,3.48E-11,3.37E-11,3.81E-31,-4.66E-31,-1.74E-29,4.21E-32,2.77E-11,1.92E-11,1.24E-31,-2.17E-31,-5.00E-26,1.18E-11,1.69E-31,3.89E-20,1.88E-12,1.25E-31,-3.23E-14,-5.36E-12,9.89E-32,6.00E-12,-6.22E-12,8.36E-32,1.66E-11,7.15E-32,2.27E-11,6.27E-32,2.72E-11,5.53E-32,3.06E-11,-6.91E-31
-9.20E-17,0.000118405,-8.38E-17,0.00010766,9.87E-05,9.11E-05,8.46E-05,7.90E-05,-1.83E-22,-3.94E-30,0.000783176,-7.74E-17,5.92E-05,4.73E-05,-2.95E-18,8.87E-31,0.000588875,3.94E-05,-1.54E-16,0.000393737,2.95E-05,1.017016492,0.000295709,2.36E-05,-1.84E-16,0.00023666,1.96E-05,-1.53E-16,0.000197198,-6.57E-17,0.00016908,-1.15E-16,0.000147883,-5.06E-17,0.000131532,7.63E-15,-9.20E-17,0.000118405,-8.38E-17,0.00010766,9.87E-05,9.11E-05,8.46E-05,7.90E-05,-1.83E-22,-3.94E-30,0.000783176,-7.74E-17,5.92E-05,4.73E-05,-2.95E-18,8.87E-31,0.000588875,3.94E-05,-1.54E-16,0.000393737,2.95E-05,1.017016492,0.000295709,2.36E-05,-1.84E-16,0.00023666,1.96E-05,-1.53E-16,0.000197198,-6.57E-17,0.00016908,-1.15E-16,0.000147883,-5.06E-17,0.000131532,7.63E-15,-8.02E-28,1.31E-07,-7.33E-28,1.37E-07,1.40E-07,1.40E-07,1.37E-07,1.33E-07,-7.53E-27,-1.51E-26,-6.90E-26,-6.72E-28,1.09E-07,7.58E-08,-5.16E-27,-1.29E-26,-1.97E-22,4.64E-08,-2.65E-27,1.53E-16,7.40E-09,-1.97E-27,-1.27E-10,-2.11E-08,-1.62E-27,2.37E-08,-2.45E-08,-1.33E-27,6.54E-08,-1.14E-27,8.96E-08,-1.00E-27,1.07E-07,-8.83E-28,1.21E-07,-1.71E-26
-5.03E-17,0.000146955,-4.56E-17,0.000133619,0.000122501,0.000113087,0.000104971,9.80E-05,-6.55E-31,-4.69E-30,0.000972013,-4.22E-17,7.35E-05,5.87E-05,-3.20E-23,1.12E-30,0.000730862,4.89E-05,-7.07E-18,0.000488674,3.66E-05,1.64E-17,0.000367009,2.93E-05,1.015493738,0.000293723,2.44E-05,-8.41E-17,0.000244745,-1.52E-16,0.000209848,-6.32E-17,0.00018354,-5.48E-17,0.000163247,8.78E-15,-5.03E-17,0.000146955,-4.56E-17,0.000133619,0.000122501,0.000113087,0.000104971,9.80E-05,-6.55E-31,-4.69E-30,0.000972013,-4.22E-17,7.35E-05,5.87E-05,-3.20E-23,1.12E-30,0.000730862,4.89E-05,-7.07E-18,0.000488674,3.66E-05,1.64E-17,0.000367009,2.93E-05,1.015493738,0.000293723,2.44E-05,-8.41E-17,0.000244745,-1.52E-16,0.000209848,-6.32E-17,0.00018354,-5.48E-17,0.000163247,8.78E-15,3.42E-28,1.63E-07,3.12E-28,1.70E-07,1.74E-07,1.74E-07,1.70E-07,1.65E-07,2.73E-27,-1.01E-27,-8.49E-26,2.87E-28,1.35E-07,9.41E-08,1.15E-27,8.69E-29,-2.45E-22,5.76E-08,1.15E-27,1.90E-16,9.18E-09,8.48E-28,-1.58E-10,-2.62E-08,6.76E-28,2.94E-08,-3.05E-08,5.68E-28,8.12E-08,4.86E-28,1.11E-07,4.27E-28,1.33E-07,3.76E-28,1.50E-07,-2.01E-27
4.78E-18,-0.001176373,1.12E-18,-0.001072563,-0.000985664,-0.000911393,-0.000846793,-0.000790905,-5.85E-33,-3.13E-32,-0.004365546,8.76E-19,-0.000592774,-0.000469862,1.01E-33,6.93E-33,-0.003287541,-0.000386585,-3.71E-34,-0.00219985,-0.000282316,-2.55E-18,-0.001646177,-0.000218437,1.09E-19,-0.002306695,-0.0001797,1.013805802,-0.001932302,-6.04E-18,-0.001662063,6.49E-19,-0.001458979,-2.45E-09,-0.00130239,6.75E-17,4.78E-18,-0.001176373,1.12E-18,-0.001072563,-0.000985664,-0.000911393,-0.000846793,-0.000790905,-5.85E-33,-3.13E-32,-0.004365546,8.76E-19,-0.000592774,-0.000469862,1.01E-33,6.93E-33,-0.003287541,-0.000386585,-3.71E-34,-0.00219985,-0.000282316,-2.55E-18,-0.001646177,-0.000218437,1.09E-19,-0.002306695,-0.0001797,1.013805802,-0.001932302,-6.04E-18,-0.001662063,6.49E-19,-0.001458979,-2.45E-09,-0.00130239,6.75E-17,-2.99E-23,-0.00051795,-2.73E-23,-0.000475163,-0.000439132,-0.000407919,-0.000380413,-0.000356367,-2.58E-22,-2.11E-22,2.82E-21,-2.50E-23,-0.000269498,-0.00021279,-1.43E-22,-2.25E-22,8.17E-18,-0.000173223,-9.94E-23,-6.35E-12,-0.000123233,-7.37E-23,5.56E-06,-9.20E-05,-5.96E-23,-0.00097923,-7.49E-05,-4.96E-23,-0.000826058,-4.25E-23,-0.000716267,-3.73E-23,-0.00063334,-3.29E-23,-0.000569406,-1.98E-22
6.60E-20,1.42E-05,6.80E-20,1.29E-05,1.18E-05,1.09E-05,1.01E-05,9.47E-06,-4.81E-35,-3.60E-34,9.39E-05,2.40E-20,7.10E-06,5.68E-06,4.40E-36,3.87E-35,7.06E-05,4.73E-06,-1.27E-35,4.72E-05,3.54E-06,-6.60E-23,3.55E-05,2.83E-06,-1.73E-20,2.84E-05,2.35E-06,1.31E-16,2.37E-05,1.012063755,2.03E-05,6.17E-20,1.77E-05,-0.002364286,1.58E-05,7.17E-19,6.60E-20,1.42E-05,6.80E-20,1.29E-05,1.18E-05,1.09E-05,1.01E-05,9.47E-06,-4.81E-35,-3.60E-34,9.39E-05,2.40E-20,7.10E-06,5.68E-06,4.40E-36,3.87E-35,7.06E-05,4.73E-06,-1.27E-35,4.72E-05,3.54E-06,-6.60E-23,3.55E-05,2.83E-06,-1.73E-20,2.84E-05,2.35E-06,1.31E-16,2.37E-05,1.012063755,2.03E-05,6.17E-20,1.77E-05,-0.002364286,1.58E-05,7.17E-19,1.01E-28,1.57E-08,9.21E-29,1.64E-08,1.68E-08,1.68E-08,1.64E-08,1.60E-08,8.76E-28,8.01E-28,-8.17E-27,8.46E-29,1.31E-08,9.10E-09,4.94E-28,8.23E-28,-2.37E-23,5.57E-09,3.35E-28,1.84E-17,8.87E-10,2.49E-28,-1.53E-11,-2.53E-09,2.01E-28,2.84E-09,-2.94E-09,1.68E-28,7.84E-09,1.43E-28,1.08E-08,1.26E-28,1.29E-08,1.11E-28,1.45E-08,7.81E-28
3.25E-16,0.001646275,3.72E-16,0.001496873,0.001372323,0.001266862,0.00117595,0.001097788,3.27E-30,2.10E-29,0.010889054,3.35E-16,0.000823038,0.000657946,5.76E-32,-1.11E-30,0.008187541,0.000547834,5.58E-31,0.005474406,0.000410344,3.00E-31,0.004111448,0.000327691,-1.51E-25,0.003290456,0.000272894,-5.26E-18,0.002741781,1.35E-17,0.002350843,1.010322947,0.002056126,0.017682729,0.001828783,-3.05E-14,3.25E-16,0.001646275,3.72E-16,0.001496873,0.001372323,0.001266862,0.00117595,0.001097788,3.27E-30,2.10E-29,0.010889054,3.35E-16,0.000823038,0.000657946,5.76E-32,-1.11E-30,0.008187541,0.000547834,5.58E-31,0.005474406,0.000410344,3.00E-31,0.004111448,0.000327691,-1.51E-25,0.003290456,0.000272894,-5.26E-18,0.002741781,1.35E-17,0.002350843,1.010322947,0.002056126,0.017682729,0.001828783,-3.05E-14,4.04E-27,1.82E-06,3.69E-27,1.90E-06,1.95E-06,1.94E-06,1.91E-06,1.85E-06,3.25E-26,-8.50E-27,-9.51E-25,3.39E-27,1.52E-06,1.05E-06,1.41E-26,3.53E-27,-2.74E-21,6.46E-07,1.35E-26,2.13E-15,1.03E-07,1.00E-26,-1.77E-09,-2.94E-07,8.00E-27,3.29E-07,-3.41E-07,6.72E-27,9.09E-07,5.75E-27,1.25E-06,5.05E-27,1.49E-06,4.45E-27,1.68E-06,-1.94E-26
-6.55E-18,-0.003595229,6.91E-18,-0.003267275,-0.002993903,-0.002762474,-0.002563028,-0.002391627,1.92E-32,1.09E-31,-0.027648736,1.39E-17,-0.001790039,-0.001429538,-7.13E-33,-3.84E-32,-0.020797072,-0.001189698,2.25E-33,-0.013908125,-0.000890606,1.99E-33,-0.010451253,-0.000710925,-4.04E-33,-0.007200782,-0.000591504,2.33E-22,-0.005997514,-1.79E-18,-0.005141537,1.25E-17,-0.004495008,1.017251316,-0.00399591,-3.06E-16,-6.55E-18,-0.003595229,6.91E-18,-0.003267275,-0.002993903,-0.002762474,-0.002563028,-0.002391627,1.92E-32,1.09E-31,-0.027648736,1.39E-17,-0.001790039,-0.001429538,-7.13E-33,-3.84E-32,-0.020797072,-0.001189698,2.25E-33,-0.013908125,-0.000890606,1.99E-33,-0.010451253,-0.000710925,-4.04E-33,-0.007200782,-0.000591504,2.33E-22,-0.005997514,-1.79E-18,-0.005141537,1.25E-17,-0.004495008,1.017251316,-0.00399591,-3.06E-16,-9.16E-24,0.000573126,-8.37E-24,0.000520832,0.000477268,0.00044044,0.000408742,0.00038152,-9.67E-23,-3.38E-22,-3.34E-21,-7.68E-24,0.000285986,0.000228894,-8.24E-23,-2.68E-22,-9.60E-18,0.000190913,-2.98E-23,7.46E-12,0.000143491,-2.23E-23,-6.54E-06,0.000115039,-1.88E-23,0.001150761,9.59E-05,-1.52E-23,0.000957149,-1.30E-23,0.000820079,-1.14E-23,0.000716767,-1.01E-23,0.000637079,-4.03E-22
-5.20E-18,6.31E-09,-5.20E-18,5.74E-09,5.26E-09,4.85E-09,4.51E-09,4.21E-09,-5.55E-17,-4.34E-16,4.17E-08,-1.73E-18,3.15E-09,2.52E-09,1.39E-17,1.11E-16,3.14E-08,2.10E-09,-1.39E-17,2.10E-08,1.57E-09,-1.04E-17,1.58E-08,1.26E-09,-5.14E-32,1.26E-08,1.05E-09,-4.26E-32,1.05E-08,-1.04E-17,9.01E-09,-3.20E-32,7.88E-09,-8.29E-18,7.01E-09,1.022642911,-5.20E-18,6.31E-09,-5.20E-18,5.74E-09,5.26E-09,4.85E-09,4.51E-09,4.21E-09,-5.55E-17,-4.34E-16,4.17E-08,-1.73E-18,3.15E-09,2.52E-09,1.39E-17,1.11E-16,3.14E-08,2.10E-09,-1.39E-17,2.10E-08,1.57E-09,-1.04E-17,1.58E-08,1.26E-09,-5.14E-32,1.26E-08,1.05E-09,-4.26E-32,1.05E-08,-1.04E-17,9.01E-09,-3.20E-32,7.88E-09,-8.29E-18,7.01E-09,1.022642911,2.72E-32,6.99E-12,2.48E-32,7.30E-12,7.47E-12,7.45E-12,7.31E-12,7.09E-12,2.30E-31,1.22E-31,-3.64E-30,2.28E-32,5.81E-12,4.04E-12,1.20E-31,1.54E-31,-1.05E-26,2.47E-12,9.06E-32,8.17E-21,3.94E-13,6.71E-32,-6.79E-15,-1.13E-12,5.41E-32,1.26E-12,-1.31E-12,4.51E-32,3.48E-12,3.86E-32,4.78E-12,3.39E-32,5.71E-12,2.99E-32,6.44E-12,9.33E-32
0,1.81E-06,0,1.65E-06,1.52E-06,1.40E-06,1.30E-06,1.22E-06,0,0,-0.000123233,0,9.06E-07,7.13E-07,0,0,-9.26E-05,5.81E-07,0,-6.19E-05,4.17E-07,0,-4.67E-05,3.16E-07,0,3.57E-06,2.57E-07,0,3.02E-06,0,2.55E-06,0,2.24E-06,-1.90E-06,2.00E-06,2.27E-16,0,1.81E-06,0,1.65E-06,1.52E-06,1.40E-06,1.30E-06,1.22E-06,0,0,-0.000123233,0,9.06E-07,7.13E-07,0,0,-9.26E-05,5.81E-07,0,-6.19E-05,4.17E-07,0,-4.67E-05,3.16E-07,0,3.57E-06,2.57E-07,0,3.02E-06,0,2.55E-06,0,2.24E-06,-1.90E-06,2.00E-06,2.27E-16,-0.000262432,-1.02E-05,-0.000756329,-9.23E-06,-8.46E-06,-7.80E-06,-7.24E-06,-6.75E-06,-0.003126897,-0.008267484,-0.000201729,-0.000589465,-5.06E-06,-4.05E-06,-0.001200334,-0.006728221,-0.000151709,-3.39E-06,0,-0.000101422,-2.55E-06,-0.000715556,-7.64E-05,-2.06E-06,-0.000473593,-2.04E-05,-1.72E-06,7.75E-06,-1.70E-05,-0.000342063,-1.46E-05,0.005605974,-1.27E-05,0.001895072,-1.13E-05,-0.009677994
0,-1.59E-06,0,-1.45E-06,-1.33E-06,-1.24E-06,-1.15E-06,-1.07E-06,0,0,0.000261503,0,-8.04E-07,-6.33E-07,0,0,-0.000120451,-5.16E-07,0,-2.69E-06,-3.69E-07,0,-1.91E-06,-2.78E-07,0,-3.07E-06,-2.26E-07,0,-2.58E-06,0,-2.23E-06,0,-1.96E-06,1.56E-10,-1.75E-06,0,0,-1.59E-06,0,-1.45E-06,-1.33E-06,-1.24E-06,-1.15E-06,-1.07E-06,0,0,0.000261503,0,-8.04E-07,-6.33E-07,0,0,-0.000120451,-5.16E-07,0,-2.69E-06,-3.69E-07,0,-1.91E-06,-2.78E-07,0,-3.07E-06,-2.26E-07,0,-2.58E-06,0,-2.23E-06,0,-1.96E-06,1.56E-10,-1.75E-06,0,-4.71E-09,-1.85E-06,2.73E-07,-1.69E-06,-1.56E-06,-1.44E-06,-1.34E-06,-1.26E-06,1.72E-09,2.76E-09,0.000258771,4.29E-07,-9.49E-07,-7.52E-07,4.03E-10,2.44E-09,-0.000132094,-6.17E-07,0,-3.40E-06,-4.48E-07,4.31E-10,-2.54E-06,-3.43E-07,1.73E-10,-3.56E-06,-2.81E-07,5.23E-12,-2.99E-06,2.73E-10,-2.59E-06,9.30E-10,-2.28E-06,-2.06E-08,-2.04E-06,3.06E-09
0,-7.61E-06,0,-6.94E-06,-6.38E-06,-5.90E-06,-5.48E-06,-5.12E-06,0,0,-3.43E-07,0,-3.83E-06,-3.01E-06,0,0,1.85E-06,-2.46E-06,0,-0.000217404,-1.76E-06,0,-3.86E-05,-1.33E-06,0,-1.48E-05,-1.08E-06,0,-1.24E-05,0,-1.07E-05,0,-9.42E-06,0,-8.41E-06,0,0,-7.61E-06,0,-6.94E-06,-6.38E-06,-5.90E-06,-5.48E-06,-5.12E-06,0,0,-3.43E-07,0,-3.83E-06,-3.01E-06,0,0,1.85E-06,-2.46E-06,0,-0.000217404,-1.76E-06,0,-3.86E-05,-1.33E-06,0,-1.48E-05,-1.08E-06,0,-1.24E-05,0,-1.07E-05,0,-9.42E-06,0,-8.41E-06,0,0,-2.10E-06,0,-1.95E-06,-1.82E-06,-1.71E-06,-1.60E-06,-1.51E-06,0,0,1.48E-10,0,-1.15E-06,-8.95E-07,0,0,4.27E-07,-7.05E-07,0,-0.000203378,-4.61E-07,0,-2.44E-05,-3.02E-07,0,-3.59E-06,-2.34E-07,0,-3.12E-06,0,-2.75E-06,0,-2.48E-06,0,-2.27E-06,0
